vgene,fullseq
IGHV1-18*01,QVQLVQSGA.EVKKPGASVKVSCKASGYTF....TSYGISWVRQAPGQGLEWMGWISAY..NGNTNYAQKLQ.GRVTMTTDTSTSTAYMELRSLRSDDTAVYYCAR
IGHV1-18*02,QVQLVQSGA.EVKKPGASVKVSCKASGYTF....TSYGISWVRQAPGQGLEWMGWISAY..NGNTNYAQKLQ.GRVTMTTDTSTSTAYMELRSLRSDDTA
IGHV1-18*03,QVQLVQSGA.EVKKPGASVKVSCKASGYTF....TSYGISWVRQAPGQGLEWMGWISAY..NGNTNYAQKLQ.GRVTMTTDTSTSTAYMELRSLRSDDMAVYYCAR
IGHV1-18*04,QVQLVQSGA.EVKKPGASVKVSCKASGYTF....TSYGISWVRQAPGQGLEWMGWISAY..NGNTNYAQKLQ.GRVTMTTDTSTSTAYMELRSLRSDDTAVYYCAR
IGHV1-2*01,QVQLVQSGA.EVKKPGASVKVSCKASGYTF....TGYYMHWVRQAPGQGLEWMGRINPN..SGGTNYAQKFQ.GRVTSTRDTSISTAYMELSRLRSDDTVVYYCAR
IGHV1-2*02,QVQLVQSGA.EVKKPGASVKVSCKASGYTF....TGYYMHWVRQAPGQGLEWMGWINPN..SGGTNYAQKFQ.GRVTMTRDTSISTAYMELSRLRSDDTAVYYCAR
IGHV1-2*03,QVQLVQSGA.EVKKLGASVKVSCKASGYTF....TGYYMHWVXQAPGQGLEWMGWINPN..SGGTNYAQKFQ.GRVTMTRDTSISTAYMELSRLRSDDTAVYYCAR
IGHV1-2*04,QVQLVQSGA.EVKKPGASVKVSCKASGYTF....TGYYMHWVRQAPGQGLEWMGWINPN..SGGTNYAQKFQ.GWVTMTRDTSISTAYMELSRLRSDDTAVYYCAR
IGHV1-2*05,QVQLVQSGA.EVKKPGASVKVSCKASGYTF....TGYYMHWVRQAPGQGLEWMGRINPN..SGGTNYAQKFQ.GRVTMTRDTSISTAYMELSRLRSDDTVVYYCAR
IGHV1-2*06,QVQLVQSGA.EVKKPGASVKVSCKASGYTF....TGYYMHWVRQAPGQGLEWMGRINPN..SGGTNYAQKFQ.GRVTMTRDTSISTAYMELSRLRSDDTAVYYCAR
IGHV1-24*01,QVQLVQSGA.EVKKPGASVKVSCKVSGYTL....TELSMHWVRQAPGKGLEWMGGFDPE..DGETIYAQKFQ.GRVTMTEDTSTDTAYMELSSLRSEDTAVYYCAT
IGHV1-3*01,QVQLVQSGA.EVKKPGASVKVSCKASGYTF....TSYAMHWVRQAPGQRLEWMGWINAG..NGNTKYSQKFQ.GRVTITRDTSASTAYMELSSLRSEDTAVYYCAR
IGHV1-3*02,QVQLVQSGA.EVKKPGASVKVSCKASGYTF....TSYAMHWVRQAPGQRLEWMGWSNAG..NGNTKYSQEFQ.GRVTITRDTSASTAYMELSSLRSEDMAVYYCAR
IGHV1-3*03,QVQLVQSGA.EVKKPGASVKVSCKASGYTF....TSYAMHWVRQAPGQRLEWMGWINAG..NGNTKYSQEFQ.GRVTITRDTSASTAYMELSSLRSEDMAVYYCAR
IGHV1-3*04,QVQLVQSGA.EVKKPGASVKVSCKASGYTF....TSYAMHWVRQAPGQRLEWMGWINTG..NGNTKYSQKFQ.GRVTITRDTSASTAYMELSSLRSEDTAVYYCAR
IGHV1-38-4*01,QVQLVQSWA.EVRKSGASVKVSCSFSGFTI....TSYGIHWVQQSPGQGLEWMGWINPG..NGSPSYAKKFQ.GRFTMTRDMSTTTAYTDLSSLTSEDMAVYYYAR
IGHV1-45*01,QMQLVQSGA.EVKKTGSSVKVSCKASGYTF....TYRYLHWVRQAPGQALEWMGWITPF..NGNTNYAQKFQ.DRVTITRDRSMSTAYMELSSLRSEDTAMYYCAR
IGHV1-45*02,QMQLVQSGA.EVKKTGSSVKVSCKASGYTF....TYRYLHWVRQAPGQALEWMGWITPF..NGNTNYAQKFQ.DRVTITRDRSMSTAYMELSSLRSEDTAMYYCAR
IGHV1-45*03,QMQLVQSGA.EVKKTGSSVKVSCKASGYTF....TYRYLHWVRQAPRQALEWMGWITPF..NGNTNYAQKFQ.DRVTITRDRSMSTAYMELSSLRSEDTAMYYCAR
IGHV1-46*01,QVQLVQSGA.EVKKPGASVKVSCKASGYTF....TSYYMHWVRQAPGQGLEWMGIINPS..GGSTSYAQKFQ.GRVTMTRDTSTSTVYMELSSLRSEDTAVYYCAR
IGHV1-46*02,QVQLVQSGA.EVKKPGASVKVSCKASGYTF....NSYYMHWVRQAPGQGLEWMGIINPS..GGSTSYAQKFQ.GRVTMTRDTSTSTVYMELSSLRSEDTAVYYCAR
IGHV1-46*03,QVQLVQSGA.EVKKPGASVKVSCKASGYTF....TSYYMHWVRQAPGQGLEWMGIINPS..GGSTSYAQKFQ.GRVTMTRDTSTSTVYMELSSLRSEDTAVYYCAR
IGHV1-46*04,QVQLVQSGA.EVKKPGASVKVSCKASGYTF....TSYYMHWVRQAPGQGLEWMGIINPS..GGSTSYAQKLQ.GRVTMTRDTSTSTVYMELSSLRSEDTAVYYCAR
IGHV1-58*01,QMQLVQSGP.EVKKPGTSVKVSCKASGFTF....TSSAVQWVRQARGQRLEWIGWIVVG..SGNTNYAQKFQ.ERVTITRDMSTSTAYMELSSLRSEDTAVYYCAA
IGHV1-58*02,QMQLVQSGP.EVKKPGTSVKVSCKASGFTF....TSSAMQWVRQARGQRLEWIGWIVVG..SGNTNYAQKFQ.ERVTITRDMSTSTAYMELSSLRSEDTAVYYCAA
IGHV1-58*03,QMQLVQSGP.EVKKPGTSVKVSCKASGFTF....TSSAVQWVRQARGQRLEWIGWIVVG..SGNTNYAQKFQ.ERVTITRDMSTSTAYMELSSLRSEDTAVYYCAA
IGHV1-68*01,QVQLGQSEA.EVKKPGASVKVSCKASGYTF....TCCSLHWLQQAPGQGLERMRWITLY..NGNTNYAKKFQ.GRVTITRDMSLRTAYIELSSLRSEDSAVYYWAR
IGHV1-68*02,QVQLGQSEA.EVKKPGASVKVSCKASGYTF....TYCSLHWLQQAPGQGLERMRWITLY..NGNINYAKKFQ.SRVTITRDMSLRTAYIELSSLRSEDSAVYYWAR
IGHV1-69*01,QVQLVQSGA.EVKKPGSSVKVSCKASGGTF....SSYAISWVRQAPGQGLEWMGGIIPI..FGTANYAQKFQ.GRVTITADESTSTAYMELSSLRSEDTAVYYCAR
IGHV1-69*02,QVQLVQSGA.EVKKPGSSVKVSCKASGGTF....SSYTISWVRQAPGQGLEWMGRIIPI..LGIANYAQKFQ.GRVTITADKSTSTAYMELSSLRSEDTAVYYCAR
IGHV1-69*03,QVQLVQSGA.EVKKPGSSVKVSCKASGGTF....SSYAISWVRQAPGQGLEWMGGIIPI..FGTANYAQKFQ.GRVTITADESTSTAYMELSSLRSDDT
IGHV1-69*04,QVQLVQSGA.EVKKPGSSVKVSCKASGGTF....SSYAISWVRQAPGQGLEWMGRIIPI..LGIANYAQKFQ.GRVTITADKSTSTAYMELSSLRSEDTAVYYCAR
IGHV1-69*05,QVQLVQSGA.EVKKPGSSVKVSCKASGGTF....SSYAISWVRQAPGQGLEWMGGIIPI..FGTANYAQKFQ.GRVTITTDESTSTAYMELSSLRSEDTAVYYCAR
IGHV1-69*06,QVQLVQSGA.EVKKPGSSVKVSCKASGGTF....SSYAISWVRQAPGQGLEWMGGIIPI..FGTANYAQKFQ.GRVTITADKSTSTAYMELSSLRSEDTAVYYCAR
IGHV1-69*07,............EAWVLGEGLLQGFWRHLX...XQLCYQLGATGPWTRA*VDGKDHPYX.XWYSKLRTEVPXXQSHDYRGRIHEHSLHGAEQPEI*
IGHV1-69*08,QVQLVQSGA.EVKKPGSSVKVSCKASGGTF....SSYTISWVRQAPGQGLEWMGRIIPI..LGTANYAQKFQ.GRVTITADKSTSTAYMELSSLRSEDTAVYYCAR
IGHV1-69*09,QVQLVQSGA.EVKKPGSSVKVSCKASGGTF....SSYAISWVRQAPGQGLEWMGRIIPI..LGIANYAQKFQ.GRVTITADKSTSTAYMELSSLRSEDTAVYYCAR
IGHV1-69*10,QVQLVQSGA.EVKKPGSSVKVSCKASGGTF....SSYAISWVRQAPGQGLEWMGGIIPI..LGIANYAQKFQ.GRVTITADKSTSTAYMELSSLRSEDTAVYYCAR
IGHV1-69*11,QVQLVQSGA.EVKKPGSSVKVSCKASGGTF....SSYAISWVRQAPGQGLEWMGRIIPI..LGTANYAQKFQ.GRVTITADESTSTAYMELSSLRSEDTAVYYCAR
IGHV1-69*12,QVQLVQSGA.EVKKPGSSVKVSCKASGGTF....SSYAISWVRQAPGQGLEWMGGIIPI..FGTANYAQKFQ.GRVTITADESTSTAYMELSSLRSEDTAVYYCAR
IGHV1-69*13,QVQLVQSGA.EVKKPGSSVKVSCKASGGTF....SSYAISWVRQAPGQGLEWMGGIIPI..FGTANYAQKFQ.GRVTITADESTSTAYMELSSLRSEDTAVYYCAR
IGHV1-69*14,QVQLVQSGA.EVKKPGSSVKVSCKASGGTF....SSYAISWVRQAPGQGLEWMGGIIPI..FGTANYAQKFQ.GRVTITADKSTSTAYMELSSLRSEDTAVYYCAR
IGHV1-69*15,QVQLVQSGA.EVKKPGSSVKVSCKASGGTF....SSYAISWVRQAPGQGLEWMGRIIPI..FGTANYAQKFQ.GRVTITADESTSTAYMELSSLRSEDTAVYYCAR
IGHV1-69*16,QVQLVQSGA.EVKKPGSSVKVSCKASGGTF....SSYTISWVRQAPGQGLEWMGGIIPI..LGTANYAQKFQ.GRVTITTDESTSTAYMELSSLRSEDTAVYYCAR
IGHV1-69*17,QVQLVQSGA.EVKKPGSSVKVSCKASGGTF....SSYAISWVRQAPGQGLEWMGGIIPI..FGIANYAQKFQ.GRVTITADKSTSTAYMELSSLRSEDTAVYYCAR
IGHV1-69*18,QVQLVQSGA.EVKKPGSSVKVSCKASGGTF....SSYAISWVRQAPGQGLEWMGRIIPI..FGTANYAQKFQ.GRVTITADESTSTAYMELSSLRSEDTAVYYCAR
IGHV1-69-2*01,EVQLVQSGA.EVKKPGATVKISCKVSGYTF....TDYYMHWVQQAPGKGLEWMGLVDPE..DGETIYAEKFQ.GRVTITADTSTDTAYMELSSLRSEDTAVYYCAT
IGHV1-69-2*02,............EAWGYSENLLQGFWIHLX...XRLLHALGATGPWKRA*VDGTC*S*X.XW*NNICREVPXXQSHHNRGHVYRHSLHGAEQPEI*
IGHV1-69D*01,QVQLVQSGA.EVKKPGSSVKVSCKASGGTF....SSYAISWVRQAPGQGLEWMGGIIPI..FGTANYAQKFQ.GRVTITADESTSTAYMELSSLRSEDTAVYYCAR
IGHV1-8*01,QVQLVQSGA.EVKKPGASVKVSCKASGYTF....TSYDINWVRQATGQGLEWMGWMNPN..SGNTGYAQKFQ.GRVTMTRNTSISTAYMELSSLRSEDTAVYYCAR
IGHV1-8*02,QVQLVQSGA.EVKKPGASVKVSCKASGYTF....TSYDINWVRQATGQGLEWMGWMNPN..SGNTGYAQKFQ.GRVTMTRNTSISTAYMELSSLRSEDTAVYYCAR
IGHV1-8*03,QVQLVQSGA.EVKKPGASVKVSCKASGYTF....TSYDINWVRQATGQGLEWMGWMNPN..SGNTGYAQKFQ.GRVTITRNTSISTAYMELSSLRSEDTAVYYCAR
IGHV1-NL1*01,QVQLLQPGV.QVKKPGSSVKVSC*ASRYTF....TKYFTRWV*QSPGQGHXWMG*INPY..NDNTHYAQTFW.GRVTITSDRSMSTAYMELSXLRSEDMVVYYCVR
IGHV1/OR15-1*01,QVQLVQSGA.EVKKPGASVKVSCKASGYIF....TDYYMHWVRQAPGQELGWMGRINPN..SGGTNYAQKFQ.GRVTMTRDTSISTAYTELSSLRSEDTATYYCAR
IGHV1/OR15-1*02,QVQLVQSGA.EVKKPGASVKVSCKASGYIF....TDYYMHWVRQAPGQELGWMGRINPN..SGGTNYAQKFQ.GRVTMTRDTSISTACTELSSLRSEDTATYYCAR
IGHV1/OR15-1*03,QVQLVQSGA.EVKKPGASVKVSCKASGYIF....TDYYMHWVRQAPGQELGWMGRINPN..SGGTNYAQKFQ.GRVTMTRDTSISTAYTELSSLRSEDTATYYCAR
IGHV1/OR15-1*04,QVQLVQSGA.EVKKPGASVKVSCKASGYIF....TDYYMHWVRQAPGQELGWMGRINPN..SGGTNYAQKFQ.GRVTMTRDTSISTAYMELSSLRSEDTATYYCAR
IGHV1/OR15-2*01,QVQLVQSGA.EVKKPRASVKVSCKASGYTF....TSYYMHWV*QAPEQGLEWMGWINTY..NGNTNYPQKLQ.GRVTMTRDTSTSTAYMELSRLRSDDMAVYYCAR
IGHV1/OR15-2*02,QVQLVQSGA.EVKKPGASVKVSCKASGYTF....TSYYMHWV*QAPEQGLEWMGWINTY..NGNTNYPQKLQ.GRVTMTRDTSTSTAYMELSSLRSDDMAVYYCAR
IGHV1/OR15-2*03,QVQLVQSGA.EVKKPRASVKVSCKASGYTF....TSYYMHWV*QAPEQGLEWMGWINTY..NGNTNYPQKLQ.GRVTMTRDTSTSTAYMELSSLRSDDMAVYYCAR
IGHV1/OR15-3*01,QVQLV*SGA.EVKKPGASVKVSCKASGYTF....TDYFMNWMRQAPGQRLEWMGWINAG..NGNTKYSQKLQ.GRVTITRDTSSSTAYMQLSSLRSEDTAVYYCAR
IGHV1/OR15-3*02,QVQLV*SGA.EVKKPGASVKVSCKASGYTF....TDYFMNWMRQAPGQRLEWMGWINAG..NGNTKYSQKLQ.GRVTITRDTSASTAYMQLSSLRSEDTAVYYCAR
IGHV1/OR15-3*03,QVQLV*SGA.EVKKPGASVKVSCKASGYTF....TSYYMNWMRQAPGQGFEWMGWINAG..NGNTKYSQKLQ.GRVTITRDTSASTAYMQLSSLRSEDTAVYYCAR
IGHV1/OR15-4*01,QDQLVQSGA.EVKKPLSSVKVSFKASGYTF....TNNFMHWV*QAPGQGLEWMGWINAG..NGNTTYAQKFQ.GRVTITRDTSMSTAYTELSSLRSEDTAVYYCAR
IGHV1/OR15-5*01,............EAWGLSEGLLQGFWIHLX...XQLLYALGAPGPCTRA*VDGIGVP*X.XWQHKLCTEVPXXQSHHNQGHIHEHSLHGAKQSEI*GHGHVLLCE
IGHV1/OR15-5*02,QVQLVQSGA.EVKKPGASVKVSCKASGYTF....TNYCMHWVRQVHAQGLEWMGLVCPS..DGSTSYAQKFQ.ARVTITRDTSMSTAYMELSSLRSEDTAMYYCVR
IGHV1/OR15-9*01,QVQLMQSGA.EVKKPGASVRISCKASGYTF....TSYCMHWVCQAHAQGLEWMGLVCPS..DGSTSYAQKFQ.GRVTITRDTSMGTAYMELSSLRSEDTAMYYCVR
IGHV1/OR21-1*01,QVQLVQSGA.EVKKPGASVKVSCKASGYTI....TSYCMHWVHQVHAQGLEWMGLVCPS..DGSTSYAQKFQ.ARVTITRDTSMSTAYMELSSLRSEDTAMYYCVR
IGHV2-10*01,QVTLKESGP.ALVKPTQTLMLTCTFSGFSLS..TSGMGVG*ICQPSAKALEWLAHIY*N...DNKYYSPSLK.SRLIISKDTSKNEVVLTVINMDIVDTATHYCARR
IGHV2-26*01,QVTLKESGP.VLVKPTETLTLTCTVSGFSLS..NARMGVSWIRQPPGKALEWLAHIFSN...DEKSYSTSLK.SRLTISKDTSKSQVVLTMTNMDPVDTATYYCARI
IGHV2-26*02,QVTLKESGP.VLVKPTETLTLTCTVSGFSLS..NARMGVSWIRQPPGKALEWLAHIFSN...DEKSYSTSLK.SRLTISKDTSKSQVVLTMTNMDPVDTATYYCARI
IGHV2-26*03,QVTLKESGP.VLVKPTETLTLTCTISGFSLS..NARMGVSWIRQPPGKALEWLAHIFSN...DEKSYSTSLK.SRLTISKDTSKSQVVLTMTNMDPVDTATYYCARI
IGHV2-5*01,QITLKESGP.TLVKPTQTLTLTCTFSGFSLS..TSGVGVGWIRQPPGKALEWLALIYWN...DDKRYSPSLK.SRLTITKDTSKNQVVLTMTNMDPVDTATYYCAHR
IGHV2-5*02,QITLKESGP.TLVKPTQTLTLTCTFSGFSLS..TSGVGVGWIRQPPGKALEWLALIYWD...DDKRYSPSLK.SRLTITKDTSKNQVVLTMTNMDPVDTATYYCAHR
IGHV2-5*03,...........W*NPHRPSR*PAPSLGSHSA.XLVEWVWAGSVSPQERPWSGLHSFIGX..XMISATAHL*XXAGSPLPRTPPKTR
IGHV2-5*04,QITLKESGP.TLVKPTQTLTLTCTFSGFSLS..TSGVGVGWIRQPPGKALEWLALIYWN...DDKRYSPSLK.SRLTITKDTSKNQVVLTMTNMDPVDTGTYYCV
IGHV2-5*05,QITLKESGP.TLVKPTQTLTLTCTFSGFSLS..TSGVGVGWIRQPPGKALEWLALIYWD...DDKRYGPSLK.SRLTITKDTSKNQVVLTMTNMDPVDTATYYCAHR
IGHV2-5*06,QITLKESGP.TLVKPTQTLTLTCTFSGFSLS..TSGVGVGWIRQPPGKALEWLALIYWD...DDKRYGPSLK.SRLTITKDTSKNQVVLTMTNMDPVDTATYYCAHR
IGHV2-5*08,QVTLKESGP.ALVKPTQTLTLTCTFSGFSLS..TSGMRVSWIRQPPGKALEWLALIYWD...DDKRYSPSLK.SRLTITKDTSKNQVVLTMTNMDPVDTATYYCAHR
IGHV2-5*09,QVTLKESGP.TLVKPTQTLTLTCTFSGFSLS..TSGVGVGWIRQPPGKALEWLALIYWD...DDKRYGPSLK.SRLTITKDTSKNQVVLTMTNMDPVDTATYYCAHR
IGHV2-70*01,QVTLRESGP.ALVKPTQTLTLTCTFSGFSLS..TSGMCVSWIRQPPGKALEWLALIDWD...DDKYYSTSLK.TRLTISKDTSKNQVVLTMTNMDPVDTATYYCARI
IGHV2-70*02,QVTLRESGP.ALVKPTQTLTLTCTFSGFSLS..TSGMCVSWIRQPPGKALEWLALIDWD...DDKYYSTSLK.TRLTISKDTSKNQVVLTMTNMDPVDTAVYY
IGHV2-70*03,QVTLKESGP.ALVKPTQTLTLTCTFSGFSLS..TSGMRVSWIRQPPGKALEWLARIDWD...DDKFYSTSLK.TRLTISKDTSKNQVVLTMTNMDPVDTAVYY
IGHV2-70*04,QVTLKESGP.ALVKPTQTLTLTCTFSGFSLS..TSGMRVSWIRQPPGKALEWLARIDWD...DDKFYSTSLK.TRLTISKDTSKNQVVLTMTNMDPVDTATYYCARI
IGHV2-70*05,.........XRW*NPHRPSH*PAPSLGSHSA.XLVECVRAGSVSPQGRPWSGLHALIGX..XMINSTAHL*XXPGSPSPRTPPKTRWSLQ*PTW
IGHV2-70*06,QVTLKESGP.ALVKPTQTLTLTCTFSGFSLS..TSGMRVSWIRQPPGKALEWLARIDWD...DDKFYSTSLK.TRLTISKDTSKNQVVLTMTNMDPVDTAVYY
IGHV2-70*07,QVTLRESGP.ALVKPTQTLTLTCTFSGFSLS..TSGMCVSWIRQPPGKALEWLALIDWD...DDKYYSTSLK.TRLTISKDTSKNQVVLTMTNMDPVDTAVYY
IGHV2-70*08,QVTLRESGP.ALVKPTQTLTLTCAFSGFSLS..TSGMCVSWIRQPPGKALEWLARIDWD...DDKYYSTSLK.TRLTISKDTSKNQVVLTMTNMDPVDTAVYY
IGHV2-70*09,QITLKESGP.TLVKPTQTLTLTRTFSGFSLS..TSGMCVSWIRQPPGKALEWLALIDWD...DDKYYSTSLN.TRLTISKDTSKNQVVLTMTNMDPVDTGTYYCVR
IGHV2-70*10,QVTLKESGP.ALVKPTQTLTLTCTFSGFSLS..TSGMRVSWIRQPPGKALEWIARIDWD...DDKYYSTSLK.TRLTISKDTSKNQVVLTMTNMDPVDTATYYCARI
IGHV2-70*11,RVTLRESGP.ALVKPTQTLTLTCTFSGFSLS..TSGMCVSWIRQPPGKALEWLARIDWD...DDKYYSTSLK.TRLTISKDTSKNQVVLTMTNMDPVDTATYYCARI
IGHV2-70*12,QITLKESGP.TLVKPTQTLTLTCTFSGFSLS..TSGMCVSWIRQPPGKALEWLALIDWD...DDKYYSTSLK.TRLTISKDTSKNQVVLTMTNMDPVDTATYYCAHR
IGHV2-70*13,QVTLRESGP.ALVKPTQTLTLTCTFSGFSLS..TSGMCVSWIRQPPGKALEWLALIDWD...DDKYYSTSLK.TRLTISKDTSKNQVVLTMTNMDPVDTATYYCARI
IGHV2-70*15,QVTLRESGP.ALVKPTQTLTLTCTFSGFSLS..TSGMCVSWIRQPPGKALEWLARIDWD...DDKYYSTSLK.TRLTISKDTSKNQVVLTMTNMDPVDTATYYCARI
IGHV2-70*16,QVTLKESGP.VLVKPTQTLTLTCTFSGFSLS..TSGMCVSWIRQPPGKALEWLARIDWD...DDKFYSTSLK.TRLTISKDTSKNQVVLTMTNMDPVDTATYYCARI
IGHV2-70*17,QVTLRESGP.ALVKPTQTLTLTCTFSGFSLS..TSGMCVSWIRQPPGKALEWLARIDWD...DDKFYSTSLK.TRLTISKDTSKNQVVLTMTNMDPVDTATYYCARI
IGHV2-70*18,QVTLRESGP.ALVKPTQTLTLTCTFSGFSLS..TSEMCVSWVRQPPGKALEWLALIDWD...DDKYYSTSLK.TRLTISKDTSKNQVVLTMTNMDPVDTATYYCARI
IGHV2-70*19,QVTLRESGP.ALVKPTQTLTLTCTFSGFSLS..TSGMCVSWVRQPPGKALEWLALIDWD...DDKHYSTSLK.TRLTISKDTSKNQVVLTMTNMDPVDTATYYCARI
IGHV2-70D*04,QVTLKESGP.ALVKPTQTLTLTCTFSGFSLS..TSGMRVSWIRQPPGKALEWLARIDWD...DDKFYSTSLK.TRLTISKDTSKNQVVLTMTNMDPVDTATYYCARI
IGHV2-70D*14,QVTLKESGP.ALVKPTQTLTLTCTFSGFSLS..TSGMRVSWIRQPPGKALEWLARIDWD...DDKFYSTSLK.TRLTISKDTSKNQVVLTMTNMDPVDTATYYCARI
IGHV2/OR16-5*01,QVTLKESGP.ALVKPTETLTLTCTLSGFSLS..TSGMGMSWIRQPPGKALEWLAHIFLN...DKKSYSTSLK.NRLIISKDTSKSQVVLTMTNMDPVDTATYYCAWR
IGHV3-11*01,QVQLVESGG.GLVKPGGSLRLSCAASGFTF....SDYYMSWIRQAPGKGLEWVSYISSS..GSTIYYADSVK.GRFTISRDNAKNSLYLQMNSLRAEDTAVYYCAR
IGHV3-11*03,QVQLLESGG.GLVKPGGSLRLSCAASGFTF....SDYYMSWIRQAPGKGLEWVSYISSS..SSYTNYADSVK.GRFTISRDNAKNSLYLQMNSLRAEDTAVYYCAR
IGHV3-11*04,QVQLVESGG.GLVKPGGSLRLSCAASGFTF....SDYYMSWIRQAPGKGLEWVSYISSS..GSTIYYADSVK.GRFTISRDNAKNSLYLQMNSLRAEDTAVYYCAR
IGHV3-11*05,QVQLVESGG.GLVKPGGSLRLSCAASGFTF....SDYYMSWIRQAPGKGLEWVSYISSS..SSYTNYADSVK.GRFTISRDNAKNSLYLQMNSLRAEDTAVYYCAR
IGHV3-11*06,QVQLVESGG.GLVKPGGSLRLSCAASGFTF....SDYYMSWIRQAPGKGLEWVSYISSS..SSYTNYADSVK.GRFTISRDNAKNSLYLQMNSLRAEDTAVYYCAR
IGHV3-13*01,EVQLVESGG.GLVQPGGSLRLSCAASGFTF....SSYDMHWVRQATGKGLEWVSAIGTA...GDTYYPGSVK.GRFTISRENAKNSLYLQMNSLRAGDTAVYYCAR
IGHV3-13*02,EVHLVESGG.GLVQPGGALRLSCAASGFTF....SNYDMHWVRQATGKGLEWVSANGTA...GDTYYPGSVK.GRFTISRENAKNSLYLQMNSLRAGDTAVYYCAR
IGHV3-13*03,EVQLVESGG.GLVQPGGSLRLSCAACGFTF....SSYDMHWVRQATGKGLEWVSAIGTA...GDTYYPGSVK.GQFTISRENAKNSLYLQMNSLRAGDTAVYYCAR
IGHV3-13*04,EVQLVESGG.GLVQPGGSLRLSCAASGFTF....SSYDMHWVRQATGKGLEWVSAIGTA...GDTYYPGSVK.GRFTISRENAKNSLYLQMNSLRAGDTAVYYCAR
IGHV3-13*05,EVQLVESGG.GLVQPGGSLRLSCAASGFTF....SSYDMHWVRQATGKGLEWVSAIGTA...GDPYYPGSVK.GRFTISRENAKNSLYLQMNSLRAGDTAVYYCAR
IGHV3-15*01,EVQLVESGG.GLVKPGGSLRLSCAASGFTF....SNAWMSWVRQAPGKGLEWVGRIKSKTDGGTTDYAAPVK.GRFTISRDDSKNTLYLQMNSLKTEDTAVYYCTT
IGHV3-15*02,EVQLVESGG.ALVKPGGSLRLSCAASGFTF....SNAWMSWVRQAPGKGLEWVGRIKSKTDGGTTDYAAPVK.GRFTISRDDSKNTLYLQMNSLKTEDTAVYYCTT
IGHV3-15*03,EVQLVESAG.ALVQPGGSLRLSCAASGFTC....SNAWMSWVRQAPGKGLEWVGRIKSKANGGTTDYAAPVK.GRFTISRVDSKNTLYLQMNSLKTEDTAVYYCTT
IGHV3-15*04,EVQLVESGG.GLVKPGGSLRLSCAASGFTF....SNAWMSWVRQAPGKGLEWVGRIESKTDGGTTDYAAPVK.GRFTISRDDSKNTLYLQMNSLKTEDTAVYYCTT
IGHV3-15*05,EVQLVESGG.GLVKPGGSLRLSCAASGFTF....SNAWMSWVRQAPGKGLEWVGRIKSKTDGGTTDYAAPVK.GRFTISRDDSKNTLYLQMNSLKTEDTAVYYCTT
IGHV3-15*06,EVQLVESGG.GLVKPGGSLRLSCAASGFTF....SNAWMSWVRQAPGKGLEWVGRIKSKTDGGTTNYAAPVK.GRFTISRDDSKNTLYLQMNSLKTEDTAVYYCTT
IGHV3-15*07,EVQLVESGG.GLVKPGGSLRLSCAASGFTF....SNAWMNWVRQAPGKGLEWVGRIKSKTDGGTTDYAAPVK.GRFTISRDDSKNTLYLQMNSLKTEDTAVYYCTT
IGHV3-15*08,EVQLVESAG.GLVQPGGSLRLSCAASGFTC....SNAWMSWVRQAPGKGLEWVGCIKSKANGGTTDYAAPVK.GRFTISRDDSKNTLYLQMISLKTEDTAVYYCTT
IGHV3-16*01,EVQLVESGG.GLVQPGGSLRLSCAASGFTF....SNSDMNWARKAPGKGLEWVSGVSWN..GSRTHYVDSVK.RRFIISRDNSRNSLYLQKNRRRAEDMAVYYCVR
IGHV3-16*02,EVQLVESGG.GLVQPGGSLRLSCAASGFTF....SNSDMNWARKAPGKGLEWVSGVSWN..GSRTHYVDSVK.RRFIISRDNSRNSLYLQKNRRRAEDMAVYYCVR
IGHV3-19*01,TVQLVESGG.GLVEPGGSLRLSCAASGFTF....SNSDMNWVRQAPGKGLEWVSGVSWN..GSRTHYADSVK.GRFIISRDNSRNFLYQQMNSLRPEDMAVYYCVR
IGHV3-20*01,EVQLVESGG.GVVRPGGSLRLSCAASGFTF....DDYGMSWVRQAPGKGLEWVSGINWN..GGSTGYADSVK.GRFTISRDNAKNSLYLQMNSLRAEDTALYHCAR
IGHV3-20*02,EVQLVESGG.GVVRPGGSLRLSFAASGFTF....DDYGMSWVRQAPGKGLEWVSGINWN..GGSTGYADSVK.GRFTISRDNAKNSLYLQMNSLRAEDTALYHCAR
IGHV3-20*03,EVQLVESGG.GVVRPGGSLRLSFAASGFTF....DDYGMSWVRQAPGKGLEWVSGINWN..GGSTGYADSVK.GRFTISRDNAKNSLYLQMNSLRAEDTALYYCAR
IGHV3-20*04,EVQLVESGG.GVVRPGGSLRLSCAASGFTF....DDYGMSWVRQAPGKGLEWVSGINWN..GGSTGYADSVK.GRFTISRDNAKNSLYLQMNSLRAEDTALYYCAR
IGHV3-21*01,EVQLVESGG.GLVKPGGSLRLSCAASGFTF....SSYSMNWVRQAPGKGLEWVSSISSS..SSYIYYADSVK.GRFTISRDNAKNSLYLQMNSLRAEDTAVYYCAR
IGHV3-21*02,EVQLVESGG.GLVKPGGSLRLSCAASGFTF....SSYSMNWVRQAPGKGLEWVSSISSS..SSYIYYADSVK.GRFTISRDNAKNSLYLQMNSLRAEDTAVYYCAR
IGHV3-21*03,EVQLVESGG.GLVKPGGSLRLSCAASGFTF....SSYSMNWVRQAPGKGLEWVSSISSS..SSYIYYADSVK.GRFTISRDNAKNSLYLQMNSLRAEDTAVYYCAR
IGHV3-21*04,EVQLVESGG.GLVKPGGSLRLSCAASGFTF....SSYSMNWVRQAPGKGLEWVSSISSS..SSYIYYADSVK.GRFTISRDNAKNSLYLQMNSLRAEDTAVYYCAR
IGHV3-21*05,EVQLVESGG.GLVKPGGSLRLSCAASGFTF....SSYSMNWVRQAPGKGLEWVSYISSS..SSYIYYADSVK.GRFTISRDNAKNSLYLQMNSLRAEDTAVYYCAR
IGHV3-22*01,EVHLVESGG.ALVQPGGSLRLSCAASGFTF....SYYYMSGVRQAPGKGLEWVGFIRNKANGGTTE*TTSVK.GRFTISRDDSKSITYLQMKSLKTEDTAVYYCSR
IGHV3-22*02,EVQLVESGG.GLVQPGGSLRLSCAASGFTF....SYYYMSGVRQAPGKGLEWVGFIRNKANGGTTE*TTSVK.GRFTISRDDSKSITYLQMKSLKTEDTAVYYCSR
IGHV3-23*01,EVQLLESGG.GLVQPGGSLRLSCAASGFTF....SSYAMSWVRQAPGKGLEWVSAISGS..GGSTYYADSVK.GRFTISRDNSKNTLYLQMNSLRAEDTAVYYCAK
IGHV3-23*02,EVQLLESGG.GLVQPGGSLRLSCAASGFTF....SSYAMSWVRQAPGKGLEWVSAISGS..GGSTYYGDSVK.GRFTISRDNSKNTLYLQMNSLRAEDTAVYYCAK
IGHV3-23*03,EVQLLESGG.GLVQPGGSLRLSCAASGFTF....SSYAMSWVRQAPGKGLEWVSVIYSG..GSSTYYADSVK.GRFTISRDNSKNTLYLQMNSLRAEDTAVYYCAK
IGHV3-23*04,EVQLVESGG.GLVQPGGSLRLSCAASGFTF....SSYAMSWVRQAPGKGLEWVSAISGS..GGSTYYADSVK.GRFTISRDNSKNTLYLQMNSLRAEDTAVYYCAK
IGHV3-23*05,EVQLLESGG.GLVQPGGSLRLSCAASGFTF....SSYAMSWVRQAPGKGLEWVSAIYSS..GSSTYYADSVK.GRFTISRDNSKNTLYLQMNSLRAEDTAVYYCAK
IGHV3-23D*01,EVQLLESGG.GLVQPGGSLRLSCAASGFTF....SSYAMSWVRQAPGKGLEWVSAISGS..GGSTYYADSVK.GRFTISRDNSKNTLYLQMNSLRAEDTAVYYCAK
IGHV3-25*01,EMQLVESGG.GLQKPAWSPRLSCAASQFTF....SSYYMNCVRQAPGNGLELV*QVNPN..GGSTYLIDSGK.DRFNTSRDNAKNTLHLQMNSLKTEDTALY*CTR
IGHV3-25*02,EMQLVESGG.GLAKPAWSPRLSCAASQFTF....SSYYMNCVRQAPGNGLELV*QVNPN..GGSTYLIDSGK.DRFNTSRDNAKNTLHLQMNSLKTEDTALY*CTR
IGHV3-25*03,EMQLVESGG.GLAKPAWSPRLSCAASQFTF....SSYYMNCVRQAPGNGLELVGQVNPN..GGSTYLIDSGK.DRFNTSRDNAKNTLHLQMNSLKTEDTALY*CTR
IGHV3-25*04,ETQLVESGG.GLAKPGRSPRLSCAASQFTF....SSYYMNCVRQAPGNGLELVGQVNPN..GGSTYLIDSGK.DRFNTSRDNAKNTLHLQMNSLKTEDTALYYCTR
IGHV3-25*05,EMQLVESGG.GLAKPAWSPRLSCAASQFTF....SSYYMNCVRQAPGNGLELVGQVNPN..GGSTYLIDSGK.DRFNTSRDNAKNTLHLQMNSLKTEDTALY*CTR
IGHV3-29*01,EVELIEPTE.DLRQPGKFLRLSCVASRFAF....SSF*MSPVHQSAGKGLE*VIDIKDD..GSQIHHADSVK.GRFSISKDNAKNSLYLQMNSQRTEDMAVYGCT*G
IGHV3-30*01,QVQLVESGG.GVVQPGRSLRLSCAASGFTF....SSYAMHWVRQAPGKGLEWVAVISYD..GSNKYYADSVK.GRFTISRDNSKNTLYLQMNSLRAEDTAVYYCAR
IGHV3-30*02,QVQLVESGG.GVVQPGGSLRLSCAASGFTF....SSYGMHWVRQAPGKGLEWVAFIRYD..GSNKYYADSVK.GRFTISRDNSKNTLYLQMNSLRAEDTAVYYCAK
IGHV3-30*03,QVQLVESGG.GVVQPGRSLRLSCAASGFTF....SSYGMHWVRQAPGKGLEWVAVISYD..GSNKYYADSVK.GRFTISRDNSKNTLYLQMNSLRAEDTAVYYCAR
IGHV3-30*04,QVQLVESGG.GVVQPGRSLRLSCAASGFTF....SSYAMHWVRQAPGKGLEWVAVISYD..GSNKYYADSVK.GRFTISRDNSKNTLYLQMNSLRAEDTAVYYCAR
IGHV3-30*05,QVQLVESGG.GVVQPGRSLRLSCAASGFTF....SSYGMHWVRQAPGKGLEWVAVISYD..GSNKYYADSVK.GRFTISRDNSKNTLYLQMNSLRAEGTAVYYCAR
IGHV3-30*06,QVQLVESGG.GVVQPGRSLRLSCAASGFTF....SSYGMHWVRQAPGKGLEWVAVISYD..GSNKYYADSVK.GRFTISRDNSKNTLYLQMNSLRAEDTAVYYCAR
IGHV3-30*07,QVQLVESGG.GVVQPGRSLRLSCAASGFTF....SSYAMHWVRQAPGKGLEWVAVISYD..GSNKYYADSVK.GRFTISRDNSKNTLYLQMNSLRAEDTAVYYCAR
IGHV3-30*08,QVQLVDSGG.GVVQPGRSLRLSCAASAFTF....SSYAMHWVRQAPGKGLEWVAVISYD..GSNKYYADSVK.GRFTISRDNSKNTLYLQMNSLRAEDTAVYYCAR
IGHV3-30*09,QVQLVESGG.GVVQPGRSLRLSCAASGFTF....SSYAMHWVRQAPGKGLEWVAVISYD..GSNKYYADSVK.GRFAISRDNSKNTLYLQMNSLRAEDTAVYYCAR
IGHV3-30*10,QVQLVESGG.GVVQPGRSLRLSCAASGFTF....SSYAMHWVRQAPGKGLEWVAVISYD..GSNKYYTDSVK.GRFTISRDNSKNTLYLQMNSLRAEDTAVYYCAR
IGHV3-30*11,QVQLVESGG.GVVQPGRSLRLSCAASGFTF....SSYAMHWVRQAPGKGLEWVAVISYD..GSNKYYADSVK.GRFTISRDNSKNTLYLQMNSLRAEDTAVYYCAR
IGHV3-30*12,QVQLVESGG.GVVQPGRSLRLSCAASGFTF....SSYGMHWVRQAPGKGLEWVAVISYD..GSNKYYADSVK.GRFTISRDNSKNTLYLQMNSLRAEDTAVYYCAR
IGHV3-30*13,QVQLVESGG.GVVQPGRSLRLSCAASGFTF....SSYGMHWVRQAPGKGLEWVAVISYD..GSNKYYADSVK.GRFTISRDNSKNRLYLQMNSLRAEDTAVYYCAR
IGHV3-30*14,QVQLVESGG.GVVQPGRSLRLSCAASGFTF....SSYAMHWVRQAPGKGLEWVAVISYD..GSNKYYADSVK.GRFTISRDNSKNTLYLQMNSLRAEDTAVYYCAR
IGHV3-30*15,QVQLVESGG.GVVQPGRSLRLSCAASGFTF....SSYAMHWVRQAPGKGLEWVAVISYD..GSNKYYADSVK.GRFTISRDNSKNTLYLQMSSLRAEDTAVYYCAR
IGHV3-30*16,QVQLVESGG.GVVQPGRSLRLSCAASGFTF....SSYAMHWVRQAPGKGLEWVAVISYD..GSNKYYADSVK.GRFTISRDNSKNTLYLQMNSLRAEDTAVYYCAR
IGHV3-30*17,QVQLVESGG.GVVQPGRSLRLSCAASGFTF....SSYAMHWVRQAPGKGLEWVAVISYD..GSNKYYADSVK.GRFTISRDNSKNTLYLQMNSLRAEDTAVYYCAR
IGHV3-30*18,QVQLVESGG.GVVQPGRSLRLSCAASGFTF....SSYGMHWVRQAPGKGLEWVAVISYD..GSNKYYADSVK.GRFTISRDNSKNTLYLQMNSLRAEDTAVYYCAK
IGHV3-30*19,QVQLVESGG.GVVQPGRSLRLSCAASGFTF....SSYGMHWVRQAPGKGLEWVAVISYD..GSNKYYADSVK.GRFTISRDNSKNTLYLQMNSLRAEDTAVYYCAR
IGHV3-30-2*01,EVQLVESGE.DPRQPGGSLRLSCADSGLTF....SSY*RNSVSQAPGKGLE*VVDIQCD..GSQICYA*SLK.SKFTISKENAKNSLYLLMNSLRAAGTAVCYCM*G
IGHV3-30-22*01,EVELIESIE.DLRQPGKFLRLSCVASRFAF....SSF*MSRVHQSPGKGLE*VIDIKDD..GSQIHHADSVK.GRFSISKDNAKNSLYLQMNSQRAEDMDVYGCT*G
IGHV3-30-3*01,QVQLVESGG.GVVQPGRSLRLSCAASGFTF....SSYAMHWVRQAPGKGLEWVAVISYD..GSNKYYADSVK.GRFTISRDNSKNTLYLQMNSLRAEDTAVYYCAR
IGHV3-30-3*02,QVQLVESGG.GVVQPGRSLRLSCAASGFTF....SSYAMHWVRQAPGKGLEWVAVISYD..GSNKYYADSVK.GRFTISRDNSKNTLYLQMNSLRAEDTAVYYCAK
IGHV3-30-3*03,QVQLVESGG.GVVQPGRSLRLSCAASGFTF....SSYAMHWVRQAPGKGLEWVAVISYD..GSNKYYADSVK.GRFTISRDNSKNTLYLQMNSLRAEDTAVYYCAR
IGHV3-30-33*01,EVQLVESGE.DPRQPGGSLRLSCADSGLTF....SSY*RSSVSQAPGKGLE*VVDIQCD..GSQICYA*SLK.SKFTISKENAKNSLYLLMNSLRAEGTAVCYCM*
IGHV3-30-42*01,EVELIEPTE.DLRQPGKFLRLSCVASRFAF....SSF*MSPVHQSAGKGLE*VIDIKDD..GSQIHHADSVK.GRFSISKDNAKNSLYLQMNSQRTEDMAVYGCT*G
IGHV3-30-5*01,QVQLVESGG.GVVQPGRSLRLSCAASGFTF....SSYGMHWVRQAPGKGLEWVAVISYD..GSNKYYADSVK.GRFTISRDNSKNTLYLQMNSLRAEDTAVYYCAK
IGHV3-30-5*02,QVQLVESGG.GVVQPGGSLRLSCAASGFTF....SSYGMHWVRQAPGKGLEWVAFIRYD..GSNKYYADSVK.GRFTISRDNSKNTLYLQMNSLRAEDTAVYYCAK
IGHV3-30-52*01,EVQLVESGE.DPRQPGGSLRLSCADSGLTF....SSY*RNSVSQAPGKGLE*VVDIQCD..GSQICYA*SLK.SKFTISKENAKNSLYLLMNSLRAAGTAVCYCM*
IGHV3-32*01,EVELIESIE.DLRQPGKFLRLSCVASRFAF....SSF*MSRVHQSPGKGLE*VIDIKDD..GSQIHHADSVK.GRFSISKDNAKNSLYLQMNTQRAEDVAVYGYT*G
IGHV3-33*01,QVQLVESGG.GVVQPGRSLRLSCAASGFTF....SSYGMHWVRQAPGKGLEWVAVIWYD..GSNKYYADSVK.GRFTISRDNSKNTLYLQMNSLRAEDTAVYYCAR
IGHV3-33*02,QVQLVESGG.GVVQPGRSLRLSCAASGFTF....SSYGMHWVRQAPGKGLEWVAVIWYD..GSNKYYADSAK.GRFTISRDNSTNTLFLQMNSLRAEDTAVYYCAR
IGHV3-33*03,QVQLVESGG.GVVQPGRSLRLSCAASGFTF....SSYGMHWVRQAPGKGLEWVAVIWYD..GSNKYYADSVK.GRFTISRDNSKNTLYLQMNSLRAEDTAVYYCAK
IGHV3-33*04,QVQLVESGG.GVVQPGRSLRLSCAASGFTF....SSYGMHWVRQAPGKGLEWVAVIWYD..GSNKYYADSVK.GRFTISRDNSKNTLYLQMNSLRAEDTAVYYCAR
IGHV3-33*05,QVQLVESGG.GVVQPGRSLRLSCAASGFTF....SSYGMHWVRQAPGKGLEWVAVISYD..GSNKYYADSVK.GRFTISRDNSKNTLYLQMNSLRAEDTAVYYCAR
IGHV3-33*06,QVQLVESGG.GVVQPGRSLRLSCAASGFTF....SSYGMHWVRQAPGKGLEWVAVIWYD..GSNKYYADSVK.GRFTISRDNSKNTLYLQMNSLRAEDTAVYYCAK
IGHV3-33*07,QVQLVESGG.RVVQPGRSLRLSCAASGFTF....SRYGMYWVRQAPGKGLEWVAVIWYD..GSNKYYADSVK.GRFTISRDNSKNTLYLQMNSLRAEDTAVYYCAR
IGHV3-33-2*01,EVQLVESGE.DPRQPGGSLRLSCADSGLTF....SSY*MSSVSQAPGKGLE*VVDIQCD..GSQICYAQSVK.SKFTISKENAKNSLYLQMNSLRAEGTAVCYCM*G
IGHV3-35*01,EVQLVESGG.GLVQPGGSLRLSCAASGFTF....SNSDMNWVHQAPGKGLEWVSGVSWN..GSRTHYADSVK.GRFIISRDNSRNTLYLQTNSLRAEDTAVYYCVR
IGHV3-38*01,EVQLVESGG.GLVQPRGSLRLSCAASGFTV....SSNEMSWIRQAPGKGLEWVSSISG....GSTYYADSRK.GRFTISRDNSKNTLYLQMNNLRAEGTAAYYCARY
IGHV3-38*02,EVQLVESGG.GLVQPRGSLRLSCAASGFTV....SSNEMSWIRQAPGKGLEWVSSISG....GSTYYADSRK.GRFTISRDNSKNTLYLQMNNLRAEGTAVYYCARY
IGHV3-38*03,EVQLVESGG.GLVQPRGSLRLSCAASGFTV....SSNEMSWIRQAPGKGLEWVSSISG....GSTYYADSRK.GRFTISRDNSKNTLYLQMNNLRAEGTAVYYCARY
IGHV3-38-3*01,EVQLVESRG.VLVQPGGSLRLSCAASGFTV....SSNEMSWVRQAPGKGLEWVSSISG....GSTYYADSRK.GRFTISRDNSKNTLHLQMNSLRAEDTAVYYCKK
IGHV3-41*02,EVQLVESGG.GLVQPGGSLRLSCAASGFSF....SSYGMSWVRQAPGKGLD*VAHIWND..GSQKYYADSVK.GRFTISRDNSKSMLYLQMDSLKAKDTAMYYCTR
IGHV3-43*01,EVQLVESGG.VVVQPGGSLRLSCAASGFTF....DDYTMHWVRQAPGKGLEWVSLISWD..GGSTYYADSVK.GRFTISRDNSKNSLYLQMNSLRTEDTALYYCAKD
IGHV3-43*02,EVQLVESGG.GVVQPGGSLRLSCAASGFTF....DDYAMHWVRQAPGKGLEWVSLISGD..GGSTYYADSVK.GRFTISRDNSKNSLYLQMNSLRTEDTALYYCAKD
IGHV3-43D*03,EVQLVESGG.VVVQPGGSLRLSCAASGFTF....DDYAMHWVRQAPGKGLEWVSLISWD..GGSTYYADSVK.GRFTISRDNSKNSLYLQMNSLRAEDTALYYCAKD
IGHV3-43D*04,EVQLVESGG.VVVQPGGSLRLSCAASGFTF....DDYAMHWVRQAPGKGLEWVSLISWD..GGSTYYADSVK.GRFTISRDNSKNSLYLQMNSLRAEDTALYYCAKD
IGHV3-47*01,EDQLVESGG.GLVQPGGSLRPSCAASGFAF....SSYALHWVRRAPGKGLEWVSAIGTG...GDTYYADSVM.GRFTISRDNAKKSLYLHMNSLIAEDMAVYYCAR
IGHV3-47*02,EDQLVESGG.GLVQPGGSLRPSCAASGFAF....SSYVLHWVRRAPGKGPEWVSAIGTG...GDTYYADSVM.GRFTISRDNAKKSLYLQMNSLIAEDMAVYYCAR
IGHV3-48*01,EVQLVESGG.GLVQPGGSLRLSCAASGFTF....SSYSMNWVRQAPGKGLEWVSYISSS..SSTIYYADSVK.GRFTISRDNAKNSLYLQMNSLRAEDTAVYYCAR
IGHV3-48*02,EVQLVESGG.GLVQPGGSLRLSCAASGFTF....SSYSMNWVRQAPGKGLEWVSYISSS..SSTIYYADSVK.GRFTISRDNAKNSLYLQMNSLRDEDTAVYYCAR
IGHV3-48*03,EVQLVESGG.GLVQPGGSLRLSCAASGFTF....SSYEMNWVRQAPGKGLEWVSYISSS..GSTIYYADSVK.GRFTISRDNAKNSLYLQMNSLRAEDTAVYYCAR
IGHV3-48*04,EVQLVESGG.GLVQPGGSLRLSCAASGFTF....SSYSMNWVRQAPGKGLEWVSYISSS..SSTIYYADSVK.GRFTISRDNAKNSLYLQMNSLRAEDTAVYYCAR
IGHV3-49*01,EVQLVESGG.GLVQPGRSLRLSCTASGFTF....GDYAMSWFRQAPGKGLEWVGFIRSKAYGGTTEYTASVK.GRFTISRDGSKSIAYLQMNSLKTEDTAVYYCTR
IGHV3-49*02,EVQLVESGG.GLVQPGPSLRLSCTASGFTF....GYYPMSWVRQAPGKGLEWVGFIRSKAYGGTTEYAASVK.GRFTISRDDSKSIAYLQMNSLKTEDTAVYYCTR
IGHV3-49*03,EVQLVESGG.GLVQPGRSLRLSCTASGFTF....GDYAMSWFRQAPGKGLEWVGFIRSKAYGGTTEYAASVK.GRFTISRDDSKSIAYLQMNSLKTEDTAVYYCTR
IGHV3-49*04,EVQLVESGG.GLVQPGRSLRLSCTASGFTF....GDYAMSWVRQAPGKGLEWVGFIRSKAYGGTTEYAASVK.GRFTISRDDSKSIAYLQMNSLKTEDTAVYYCTR
IGHV3-49*05,EVQLVESGG.GLVKPGRSLRLSCTASGFTF....GDYAMSWFRQAPGKGLEWVGFIRSKAYGGTTEYAASVK.GRFTISRDDSKSIAYLQMNSLKTEDTAVYYCTR
IGHV3-52*01,EVQLVESG*.GLVQPGGSLRLSCAASGFTF....SSSWMHWVCQAPEKGLEWVADIKCD..GSEKYYVDSVK.GRLTISRDNAKNSLYLQVNSLRAEDMTVYYCVR
IGHV3-52*02,EVQLVESG*.GLVQPGGSLRLSCAASGFTF....SSSWMHWVCQAPEKGQEWVADIKCD..GSEKYYVDSVK.GRLTISRDNAKNSLYLQVNSLRAEDMTVYYCVR
IGHV3-52*03,EVQLVESG*.GLVQPGGSLRLSCAASGFTF....SSSWMHWVCQAPEKGLEWVADIKCD..GSEKYYVDSVK.GRLTISRDNAKNSLYLQVNSLRAEDMTVYYCVR
IGHV3-53*01,EVQLVESGG.GLIQPGGSLRLSCAASGFTV....SSNYMSWVRQAPGKGLEWVSVIYSG...GSTYYADSVK.GRFTISRDNSKNTLYLQMNSLRAEDTAVYYCAR
IGHV3-53*02,EVQLVETGG.GLIQPGGSLRLSCAASGFTV....SSNYMSWVRQAPGKGLEWVSVIYSG...GSTYYADSVK.GRFTISRDNSKNTLYLQMNSLRAEDTAVYYCAR
IGHV3-53*03,EVQLVESGG.GLIQPGGSLRLSCAASGFTV....SSNYMSWVRQPPGKGLEWVSVIYSG...GSTYYADSVK.GRFTISRDNSKNTLYLQMNSLRAEDTAVYYCAR
IGHV3-53*04,EVQLVESGG.GLVQPGGSLRLSCAASGFTV....SSNYMSWVRQAPGKGLEWVSVIYSG...GSTYYADSVK.GRFTISRHNSKNTLYLQMNSLRAEDTAVYYCAR
IGHV3-53*05,EVQLVETGG.GLIQPGGSLRLSCAASGFTV....SSNYMSWVRQAPGKGLEWVSVIYSG...GSTYYADSVK.GRFTISRDNSKNTLYLQMNSLRAEDTAVYYCAR
IGHV3-54*01,EVQLVESEE.NQRQLGGSLRLSCADSGLTF....SSY*MSSDSQAPGKGLE*VVDI**D..RSQLCYAQSVK.SRFTISKENAKNSLCLQMNSLRAEGTAVYYCM*
IGHV3-54*02,EVQLVESEE.NQRQLGGSLRLSCADSGLTF....SSY*MSSDSQAPGKGLE*VVDI*YD..RSQICYAQSVK.SRFTISKENAKNSLRLQMNSLRAEGTAVYYCM*
IGHV3-54*04,EVQLVESEE.NQRQLGGSLRLSCADSGLTF....SSY*MSSDSQAPGKGLE*VVDI**D..RSQLCYAQSVK.SRFTISKENAKNSLCLQMNSLRAEGTAVYYCM*
IGHV3-62*01,EVQLVESGE.GLVQPGGSLRLSCAASGFTF....SSSAMHWVRQAPRKGL*WVSVISTS..GDTVLYTDSVK.GRFTISRDNAQNSLSLQMNSLRAEGTVVYYCVK
IGHV3-62*03,EVQLVESGE.GLVQPGGSLRLSCAASGFTF....SSSAMHWVRQAPRKGL*WVSVISTS..GDTVLYTDSVK.GRFTISRDNAQNSLYLQMNSLRADDMAVYYCVK
IGHV3-62*04,EVQLVKSGG.GLVQPGGSLRLSCAASGFTF....SSSAMHWVRQAPRKGLEWVSVISTS..GDTVLYTDSVK.GRFTISRDNAQNSLSLQMNSLRAEDMAVYYCVK
IGHV3-63*01,EVELIESIE.GLRQLGKFLRLSCVASGFTF....SSY*MSWVNETLGKGLEGVIDVKYD..GSQIYHADSVK.GRFTISKDNAKNSPYLQTNSLRAEDMTMHGCT*G
IGHV3-63*02,EVELIESIE.GLRQLGKFLRLSCVASGFTF....SSY*MSWVNETLGKGLEGVIDVKYD..GSQIYHADSVK.GRFTISKDNAKNSPYLQTNSLRAEDMTMHGCT*
IGHV3-64*01,EVQLVESGG.GLVQPGGSLRLSCAASGFTF....SSYAMHWVRQAPGKGLEYVSAISSN..GGSTYYANSVK.GRFTISRDNSKNTLYLQMGSLRAEDMAVYYCAR
IGHV3-64*02,EVQLVESGE.GLVQPGGSLRLSCAASGFTF....SSYAMHWVRQAPGKGLEYVSAISSN..GGSTYYADSVK.GRFTISRDNSKNTLYLQMGSLRAEDMAVYYCAR
IGHV3-64*03,EVQLVESGG.GLVQPGGSLRLSCSASGFTF....SSYAMHWVRQAPGKGLEYVSAISSN..GGSTYYADSVK.GRFTISRDNSKNTLYVQMSSLRAEDTAVYYCVK
IGHV3-64*04,QVQLVESGG.GLVQPGGSLRLSCSASGFTF....SSYAMHWVRQAPGKGLEYVSAISSN..GGSTYYADSVK.GRFTISRDNSKNTLYLQMNSLRAEDTAVYYCAR
IGHV3-64*05,EVQLVESGG.GLVQPGGSLRLSCSASGFTF....SSYAMHWVRQAPGKGLEYVSAISSN..GGSTYYADSVK.GRFTISRDNSKNTLYVQMSSLRAEDTAVYYCVK
IGHV3-64*07,EVQLVESGG.GLVQPGGSLRLSCAASGFTF....SSYAMHWVRQAPGKGLEYVSAISSN..GGSTYYADSVK.GRFTISRDNSKNTLYLQMGSLRAEDMAVYYCAR
IGHV3-64D*06,EVQLVESGG.GLVQPGGSLRLSCSASGFTF....SSYAMHWVRQAPGKGLEYVSAISSN..GGSTYYADSVK.GRFTISRDNSKNTLYLQMSSLRAEDTAVYYCVK
IGHV3-66*01,EVQLVESGG.GLVQPGGSLRLSCAASGFTV....SSNYMSWVRQAPGKGLEWVSVIYSG...GSTYYADSVK.GRFTISRDNSKNTLYLQMNSLRAEDTAVYYCAR
IGHV3-66*02,EVQLVESGG.GLVQPGGSLRLSCAASGFTV....SSNYMSWVRQAPGKGLEWVSVIYSG...GSTYYADSVK.GRFTISRDNSKNTLYLQMNSLRAEDTAVYYCAR
IGHV3-66*03,EVQLVESGG.GLIQPGGSLRLSCAASGFTV....SSNYMSWVRQAPGKGLEWVSVIYSC...GSTYYADSVK.GRFTISRDNSKNTLYLQMNSLRAEDTAVYYCAR
IGHV3-66*04,EVQLVESGG.GLVQPGGSLRLSCAASGFTV....SSNYMSWVRQAPGKGLEWVSVIYSG...GSTYYADSVK.GRFTISRDNSKNTLYLQMNSLRAEDTAVYYCAR
IGHV3-69-1*01,EVQLVESGG.GLVKPGGSLRLSCAASGFTF....SDYYMNWVRQAPGKGLEWVSSISSS...STIYYADSVK.GRFTISRDNAKNSLYLQMNSLRAEDTAVYYCAR
IGHV3-69-1*02,EVQLVESGG.GLVKPGGSLRLSCAASGFTF....SDYYMNWVRQAPGKGLEWVSSISSS...STIYYADSVK.GRFTISRDNAKNSLYLQMNSLRAEDTAVYYCAR
IGHV3-7*01,EVQLVESGG.GLVQPGGSLRLSCAASGFTF....SSYWMSWVRQAPGKGLEWVANIKQD..GSEKYYVDSVK.GRFTISRDNAKNSLYLQMNSLRAEDTAVYYCAR
IGHV3-7*02,EVQLVESGG.GLVQPGGSLRLSCAASGFTF....SSYWMSWVRQAPGKGLEWVANIKQD..GSEKYYVDSVK.GRFTISRDNAKNSLYLQMNSLRAEDTAVYYCAR
IGHV3-7*03,EVQLVESGG.GLVQPGGSLRLSCAASGFTF....SSYWMSWVRQAPGKGLEWVANIKQD..GSEKYYVDSVK.GRFTISRDNAKNSLYLQMNSLRAEDTAVYYCAR
IGHV3-7*04,EVQLVESGG.GLVQPGGSLRLSCAASGFTF....SSYWMSWVRQAPGKGLEWVANIKQD..GSEKYYVDSVK.GRFTISRDNAKNSLYLQMNSLRAEDTAVYYCAR
IGHV3-71*01,EVQLVESGG.GLVQPGGSLRLSCAASGFTF....SDYYMSWVRQAPGKGLEWVGFIRNKANGGTTE*TTSVK.GRFTISRDDSKSITYLQMNSLRAEDTAVYYCAR
IGHV3-71*02,EVQLVESGG.GLVQPGGSLRLSCAASGFTF....SDYYMSWVRQAPGKGLEWVGFIRNKANGGTTE*TTSVK.GRFTISRDDSKSITYLQMNSLRAEDMAVYYCAR
IGHV3-71*03,EVQLVESGG.GLVQPGGSLRLSCAASGFTF....SDYYMSWVRQAPGKGLEWVGFIRNKANGGTTE*TTSVK.GRFTISRDDSKSITYLQMNSLRAEDTAVYYCAR
IGHV3-71*04,EVQLVESGG.GLVQPGGSLRLSCAASGFTF....SDYYMSWVRQAPGKGLEWVGFIRNKANGGTTE*TTSVK.GRFTISRDDSKSITYLQMNSLRAEDTAVYYCAR
IGHV3-72*01,EVQLVESGG.GLVQPGGSLRLSCAASGFTF....SDHYMDWVRQAPGKGLEWVGRTRNKANSYTTEYAASVK.GRFTISRDDSKNSLYLQMNSLKTEDTAVYYCAR
IGHV3-72*02,............................TF....SDHYMDWVRQAPGKGLEWVGRTRNKANSYTTEYAASVK.GRFTISRDDSKNSLY
IGHV3-73*01,EVQLVESGG.GLVQPGGSLKLSCAASGFTF....SGSAMHWVRQASGKGLEWVGRIRSKANSYATAYAASVK.GRFTISRDDSKNTAYLQMNSLKTEDTAVYYCTR
IGHV3-73*02,EVQLVESGG.GLVQPGGSLKLSCAASGFTF....SGSAMHWVRQASGKGLEWVGRIRSKANSYATAYAASVK.GRFTISRDDSKNTAYLQMNSLKTEDTAVYYCTR
IGHV3-74*01,EVQLVESGG.GLVQPGGSLRLSCAASGFTF....SSYWMHWVRQAPGKGLVWVSRINSD..GSSTSYADSVK.GRFTISRDNAKNTLYLQMNSLRAEDTAVYYCAR
IGHV3-74*02,EVQLVESGG.GLVQPGGSLRLSCAASGFTF....SSYWMHWVRQAPGKGLVWVSRINSD..GSSTSYADSVK.GRFTISRDNAKNTLYLQMNSLRAEDTAVYYCAR
IGHV3-74*03,EVQLVESGG.GLVQPGGSLRLSCAASGFTF....SSYWMHWVRQAPGKGLVWVSRINSD..GSSTTYADSVK.GRFTISRDNAKNTLYLQMNSLRAEDTAVYYCAR
IGHV3-9*01,EVQLVESGG.GLVQPGRSLRLSCAASGFTF....DDYAMHWVRQAPGKGLEWVSGISWN..SGSIGYADSVK.GRFTISRDNAKNSLYLQMNSLRAEDTALYYCAKD
IGHV3-9*02,EVQLVESGG.GLVQPGRSLRLSCAASGFTS....DDYAMHWVRQAPGKGLEWVSGISWN..SGSIGYADSVK.GRFTISRDNAKNSLYLQMNSLRAEDTALYYCAKD
IGHV3-9*03,EVQLVESGG.GLVQPGRSLRLSCAASGFTF....DDYAMHWVRQAPGKGLEWVSGISWN..SGSIGYADSVK.GRFTISRDNAKNSLYLQMNSLRAEDMALYYCAKD
IGHV3-NL1*01,QVQLVESGG.GVVQPGGSLRLSCAASGFTF....SSYGMHWVRQAPGKGLEWVSVIYSG..GSSTYYADSVK.GRFTISRDNSKNTLYLQMNSLRAEDTAVYYCAK
IGHV3/OR15-7*01,EVQLVESGG.GLVQPGGSLRLSCAASGFTF....SDHYMSWVRQAQGKGLELVGLIRNKANSYTTEYAASVK.GRLTISREDSKNTMYLQMSNLKTEDLAVYYCAR
IGHV3/OR15-7*02,EVQLLESGG.GLVQPGGSLRLSCAASGFTF....SDHYMSWVRQAQGKGLELVGLIRNKANSYTTEYAASVK.GRLTISREDSKNTLYLQMSSLKTEDLAVYYCAR
IGHV3/OR15-7*03,EVQLVESGG.GLVQPGGSLRLSCAASGFTF....SDHYMSWVRQAQGKGLELVGLIRNKANSYTTEYAASVK.GRLTISREDSKNTLYLQMSSLKTEDLAVYYCAR
IGHV3/OR15-7*05,EVQLVESGG.GLVQPGGSLRLSCAASGFTF....SDHYMSWVRQAQGKGLELVGLIRNKANSYTTEYAASVK.GRLTISREDSKNTLYLQMSNLKTEDLAVYYCAR
IGHV3/OR16-10*01,EVQLVQSGG.GLVHPGGSLRLSCAGSGFTF....SSYAMHWVRQAPGKGLEWVSAIGTG...GGTYYADSVK.GRFTISRDNAKNSLYLQMNSLRAEDMAVYYCAR
IGHV3/OR16-10*02,EVQLVQSGG.GLVQPGGSLRLSCAGSGFTF....SSYAMHWVRQAPGKGLEWVSAIGTG...GGTYYADSVK.GRFTISRDNAKNSLYLQMNSLRAEDMAVYYCAR
IGHV3/OR16-10*03,EVQLVESGG.GLVQPGGSLRLSCAGSGFTF....SSYAMHWVRQAPGKGLEWVSAIGTG...GGTYYADSVK.GRFTISRDNAKNSLYLQMNSLRAEDMAVYYCAR
IGHV3/OR16-12*01,EVQLVESGR.GLAQPGGYLKLSGAASGFTV....GSWYMSWIHQAPGKGLEWVSYISSS..GCSTNYADSVK.GRFTISTDNSKNTLYLQMNSLRVEDTAVYYCAR
IGHV3/OR16-13*01,EVQLVESGG.GLVQPGGSLRLSCAASGFTF....SSYWMHWVRQAPGKGLVWVSRINSD..GSSTSYADSMK.GQFTISRDNAKNTLYLQMNSLRAEDMAVYYCTR
IGHV3/OR16-14*01,EVQLEESGG.GLVQPGGSLRLSCAASGFTF....SSYWMHWVRQSPGKGLV*VSRINSD..GSSTSYADSLK.GQFTISRDNAKNTLYLQMNSLRAEDMAVYYCTR
IGHV3/OR16-15*01,EVQLVESGG.GLVQPGGSLRLSCAASVFTF....SNSDINWVL*APGKGLEWVSGISWN..GGKTHYVDSVK.GQFSISRDNSSKSLYLQKNRQRAKDMAVYYCVR
IGHV3/OR16-15*02,EVQLVESGG.GLVQPGGSLRHSCAASGFTF....SNSDMNWVL*APGKGLEWVSGISWN..GGKTHYVDSVK.GQFTISRDNSSKSLYLQKNRQRAKDMAVYYCVR
IGHV3/OR16-16*01,EVQLVESGG.GLVQPGGSLRHSCAASGFTF....SNSDMNWVL*APGKGLEWVSDISWN..GGKTHYVDSVK.GQFTISRDNSSKSLYLQKNRQRAKDMAVYYCVR
IGHV3/OR16-6*02,EVQLVESAG.GLGTAWGSLRLSCAASGFTC....SNAWMSWVRQAPGKGLEWVGCIKSKANGGTTDYAAPVK.GRFTISRDDSKNTLYLQMISLKTEDTAVYYCTT
IGHV3/OR16-8*01,EVQLVESGG.GLVQPGGSLRLSCPASGFTF....SNHYMSWVRQAPGKGLEWVSYISGD..SGYTNYADSVK.GRFTISRDNANNSPYLQMNSLRAEDTAVYYCVK
IGHV3/OR16-8*02,EVQLVESGG.GLVQPGGSLRLSCPDSGFTF....SNHYMSWVRQAPGKGLEWISYISGD..SGYTNYADSVK.GRFTISRDNANNSPYLQMNSLRAEDTAVYYCVK
IGHV3/OR16-9*01,EVQLVESGG.GLVQPGGSLRLSCAASGFTF....SNHYTSWVRQAPGKGLEWVSYSSGN..SGYTNYADSVK.GRFTISRDNAKNSLYLQMNSLRAEDTAVYYCVK
IGHV4-28*01,QVQLQESGP.GLVKPSDTLSLTCAVSGYSIS...SSNWWGWIRQPPGKGLEWIGYIYYS...GSTYYNPSLK.SRVTMSVDTSKNQFSLKLSSVTAVDTAVYYCAR
IGHV4-28*02,QVQLQESGP.GLVKPSQTLSLTCAVSGYSIS...SSNWWGWIRQPPGKGLEWIGYIYYS...GSIYYNPSLK.SRVTMSVDTSKNQFSLKLSSVTAVDTAVYYCAR
IGHV4-28*03,QVQLQESGP.GLVKPSDTLSLTCAVSGYSIS...SSNWWGWIRQPPGKGLEWIGYIYYS...GSTYYNPSLK.SRVTMSVDTSKNQFSLKLSSVTAVDTAVYYCAR
IGHV4-28*04,QVQLQESGP.GLVKPSDTLSLTCAVSGYSIS...SSNWWGWIRQPPGKGLEWIGYIYYS...GSTYYNPSLK.SRVTMSVDTSKNQFSLKLSSVTAVDTGVYYCAR
IGHV4-28*05,QVQLQESGP.GLVKPSDTLSLTCAVSGYSIS...SSNWWGWIRQPPGKGLEWIGYIYYS...GSIYYNPSLK.SRVTMSVDTSKNQFSLKLSSVTAVDTAVYYCAR
IGHV4-28*06,QVQLQESGP.GLVKPSDTLSLTCAVSGYSIS...SSNWWGWIRQPPGKGLEWIGYIYYS...GSTNYNPSLK.SRVTMSVDTSKNQFSLKLSSVTALDTAVYYCAR
IGHV4-28*07,QVQLQESGP.GLVKPSDTLSLTCAVSGYSIS...SSNWWGWIRQPPGKGLEWIGYIYYS...GSTYYNPSLK.SRVTMSVDTSKNQFSLKLSSVTAVDTAVYYCAR
IGHV4-30-2*01,QLQLQESGS.GLVKPSQTLSLTCAVSGGSIS..SGGYSWSWIRQPPGKGLEWIGYIYHS...GSTYYNPSLK.SRVTISVDRSKNQFSLKLSSVTAADTAVYYCAR
IGHV4-30-2*02,QLQLQESGS.GLVKPSQTLSLTCAVSGGSIS..SGGYSWSWIRQPPGKGLEWIGYIYHS...GSTYYNPSLK.SRVTISVDRSKNQFSLKLSSVTAADTAVYYCA
IGHV4-30-2*03,QLQLQESGS.GLVKPSQTLSLTCAVSGGSIS..SGGYSWSWIRQPPGKGLEWIGSIYYS...GSTYYNPSLK.SRVTISVDTSKNQFSLKLSSVTAADTAVYYCAR
IGHV4-30-2*04,.........................SGGSIS..SGGYSWSWIRQPPGKGLEWIGYIYHS...GSTYYNPSLK.SRVTISVDTSKNQFSLKLSSVTAADTAVYYCAR
IGHV4-30-2*05,QLQLQESGS.GLVKPSQTLSLTCAVSGGSIS..SGGYSWSWIRQPPGKGLEWIGYIYHS...GSTYYNPSLK.SRVTISVDTSKNQFSLKLSSVTAADTAVYYCAR
IGHV4-30-2*06,QLQLQESGS.GLVKPSQTLSLTCAVSGGSIS..SGGYSWSWIRQSPGKGLEWIGYIYHS...GSTYYNPSLK.SRVTISVDRSKNQFSLKLSSVTAADTAVYYCAR
IGHV4-30-4*01,QVQLQESGP.GLVKPSQTLSLTCTVSGGSIS..SGDYYWSWIRQPPGKGLEWIGYIYYS...GSTYYNPSLK.SRVTISVDTSKNQFSLKLSSVTAADTAVYYCAR
IGHV4-30-4*02,QVQLQESGP.GLVKPSDTLSLTCTVSGGSIS..SGDYYWSWIRQPPGKGLEWIGYIYYS...GSTYYNPSLK.SRVTISVDTSKNQFSLKLSSVTAADTAVYYCAR
IGHV4-30-4*03,QVQLQESGP.GLVKPSQTLSLTCTVSGGSIS..SGDYYWSWIRQPPGKGLEWIGYIYYS...GSTYYNPSLK.SRVTISVDTSKNQFSLKLSSVTAADTAVYY
IGHV4-30-4*04,QVQLQDSGP.GLVKPSQTLSLTCTVSGGSIS..SGDYYWSWIRQPPGKGLEWIGYFYYS...GSTYYNPSLK.SRVTISVDTSKNQFSLKLSSVTAADTAVYY
IGHV4-30-4*05,.........................SGGSIS..SGDYYWSWIRQXPGKGLEWIGYIYYS...GSTYYNPSLK.SRVTISVDTSKNQFSLKLSSVTAADTAVYYCAR
IGHV4-30-4*06,.........................SGGSIS..SGDYYWSWIRQHPGKGLEWIGYIYYS...GSTYYNPSLK.SRVTISVDTSKNQFSLKLSSVTAADTAVYYCAR
IGHV4-30-4*07,QVQLQESGP.GLVKPSQTLSLTCAVSGGSIS..SGGYSWSWIRQPPGKGLEWIGYIYYS...GSTYYNPSLK.SRVTISVDTSKNQFSLKLSSVTAADTAVYYCAR
IGHV4-30-4*08,QVQLQESGP.GLVKPSQTLSLTCTVSGGSIS..SGDYYWSWIRQPPGKGLEWIGYIYYS...GSTYYNPSLK.SRVTISVDTSKNQFSLKLSSVTAADTAVYYCAR
IGHV4-31*01,QVQLQESGP.GLVKPSQTLSLTCTVSGGSIS..SGGYYWSWIRQHPGKGLEWIGYIYYS...GSTYYNPSLK.SLVTISVDTSKNQFSLKLSSVTAADTAVYYCAR
IGHV4-31*02,QVQLQESGP.GLVKPSQTLSLTCTVSGGSIS..SGGYYWSWIRQHPGKGLEWIGYIYYS...GSTYYNPSLK.SRVTISVDTSKNQFSLKLSSVTAADTAVYYCAR
IGHV4-31*03,QVQLQESGP.GLVKPSQTLSLTCTVSGGSIS..SGGYYWSWIRQHPGKGLEWIGYIYYS...GSTYYNPSLK.SRVTISVDTSKNQFSLKLSSVTAADTAVYYCAR
IGHV4-31*04,QVRLQESGP.GLVKPSQTLSLTCTVSGGSIS..SGGYYWSWIRQHPGKGLEWIGYIYYS...GSTYYNPSLK.SRVTISVDTSKNQFSLKLSSVTAADTAVYYCA
IGHV4-31*05,QVQLQESGP.GLVKPSQTLSLTCTVSGGSIS..SGGYYWSWIRQHPGKGLEWIGYIYYS...GSTYYNPSLK.SRVTISVDTSKNQFSLKLSSVT.ADAAVYYCA
IGHV4-31*06,QVQLQESGP.GLVKPSQTLSLTCTVSGGSIS..SGSYYWSWIRQHPGKGLEWIGYIYYS...GSTYYNPSLK.SRVTISVDTSKNQFSLKLSSVTAADTAVYY
IGHV4-31*07,QVQLQESGP.GLVKPSQTLSLTCTVSGGSIS..SGGYYWSWIRQHPGKGLEWIGYIYYS...GSTYYNPSLK.SRVTISVDTSKNQFSLKLSSVTAADTAVYY
IGHV4-31*08,QVQLQESGP.GLVKPSQTLSLTCTVSGGSIS..SGGYYWSWIRQHPGKGLEWIGYIYYS...GSTYYNPSLK.SRVTISVDTSKNQFSLKLSSVTAADTAVYY
IGHV4-31*09,QVQLQESGP.GLVKPSQTLSLTCTVSGGSIS..SGGYYWSWIRQHPGKGLEWIGYIYYS...GSTYYNPSLK.SRVTISVDKSKNQFSLKLSSVTAADTAVYY
IGHV4-31*10,QVQLQESGP.GLLKPSQTLSLTCTVSGGSIS..SGGYYWSWIRQHPGKGLEWIGCIYYS...GSTYYNPSLK.SRVTISVDPSKNQFSLKPSSVTAADTAVDYCAR
IGHV4-31*11,QVQLQESGP.GLVKPSQTLSLTCAVSGGSIS..SGGYYWSWIRQHPGKGLEWIGYIYYS...GSTYYNPSLK.SRVTISVDTSKNQFSLKLSSVTAADTAVYYCAR
IGHV4-34*01,QVQLQQWGA.GLLKPSETLSLTCAVYGGSF....SGYYWSWIRQPPGKGLEWIGEINHS...GSTNYNPSLK.SRVTISVDTSKNQFSLKLSSVTAADTAVYYCAR
IGHV4-34*02,QVQLQQWGA.GLLKPSETLSLTCAVYGGSF....SGYYWSWIRQPPGKGLEWIGEINHS...GSTNYNPSLK.SRVTISVDTSKNQFSLKLSSVTAADTAVYYCAR
IGHV4-34*03,QVQLQQWGA.GLLKPSETLSLTCAVYGGSF....SGYYWSWIRQPPGKGLEWIGEINHS...GSTNYNPSLK.SRVTISVDTSKNQFSLKLSSVTAADTAVYY
IGHV4-34*04,QVQLQQWGA.GLLKPSETLSLTCAVYGGSF....SGYYWSWIRQPPGKGLEWIGEINHS...GSTNNNPSLK.SRATISVDTSKNQFSLKLSSVTAADTAVYYCAR
IGHV4-34*05,QVQLQQWGA.GLLKPSETLSLTCAVYGGSF....SGYYWCWIRQPLGKGLEWIGEINHS...GSTNNNPSLK.SRATISVDTSKNQFSLKLSSVTAADTAVYYCAR
IGHV4-34*06,QVQLQQWGA.GLLKPSETLSLTCAVYGGSF....SGYYWSWIRQPPGKGLEWIGEINHS...GSTNYNPSLK.SRVTISVDTSKNQFSLKLGSVTAADTAVYY
IGHV4-34*07,QVQLQQWGA.GLLKPSETLSLTCAVYGGSF....SGYYWSWIRQPPGKGLEWIGEINHS...GSTNYNPSLK.SRVTISVDTSKNQFSLKLSSVTAADTAVYY
IGHV4-34*08,QVQLQQWGA.GLLKPSETLSLTCAVYGGTF....SGYYWSWIRQPPGKGLEWIGEINHS...GSTNYNPSLK.SRVTISVDTSKNQFSLKLSSVTAADTAVYYCA
IGHV4-34*09,QVQLQESGP.GLVKPSQTLSLTCAVYGGSF....SGYYWSWIRQPPGKGLEWIGEINHS...GSTNYNPSLK.SRVTISVDTSKNQFSLKLSSVTAADTAVYYCAR
IGHV4-34*10,QVQLQESGP.GLVKPSETLSLTCAVYGGSF....SGYYWSWIRQPPGKGLEWIGEINHS...GSTNYNPSLK.SRITMSVDTSKNQFYLKLSSVTAADTAVYYCAR
IGHV4-34*11,QVQLQQWGA.GLLKPSETLSLTCAVYGGSV....SGYYWSWIRQPPGKGLEWIGYIYYS...GSTNNNPSLK.SRATISVDTSKNQFSLNLSSVTAADTAVYCCAR
IGHV4-34*12,QVQLQQWGA.GLLKPSETLSLTCAVYGGSF....SGYYWSWIRQPPGKGLEWIGEIIHS...GSTNYNPSLK.SRVTISVDTSKNQFSLKLSSVTAADTAVYYCAR
IGHV4-34*13,.........................YGGSF....SGYYWSWIRQPPGKGLEWIGEINHS...GSTNYNPSLK.SRVTISVDTSKNQFSLKLSSVTAADTAVYYCAR
IGHV4-38-2*01,QVQLQESGP.GLVKPSETLSLTCAVSGYSIS...SGYYWGWIRQPPGKGLEWIGSIYHS...GSTYYNPSLK.SRVTISVDTSKNQFSLKLSSVTAADTAVYYCAR
IGHV4-38-2*02,QVQLQESGP.GLVKPSETLSLTCTVSGYSIS...SGYYWGWIRQPPGKGLEWIGSIYHS...GSTYYNPSLK.SRVTISVDTSKNQFSLKLSSVTAADTAVYYCAR
IGHV4-39*01,QLQLQESGP.GLVKPSETLSLTCTVSGGSIS..SSSYYWGWIRQPPGKGLEWIGSIYYS...GSTYYNPSLK.SRVTISVDTSKNQFSLKLSSVTAADTAVYYCAR
IGHV4-39*02,QLQLQESGP.GLVKPSETLSLTCTVSGGSIS..SSSYYWGWIRQPPGKGLEWIGSIYYS...GSTYYNPSLK.SRVTISVDTSKNHFSLKLSSVTAADTAVYYCAR
IGHV4-39*03,QLQLQESGP.GLVKPSETLSLTCTVSGGSIS..SSSYYWGWIRQPPGKGLEWIGSIYYS...GSTYYNPSLK.SRVTISVDTSKNQFSLKLSSVTAADTAVYY
IGHV4-39*04,...........................LHQX.X**LLLGLDPPAPREGAGVDWEYLL*X..XEHLLQPVPQXXSSHHIRRHVQEPVLPEAELCDRRGH
IGHV4-39*05,QLQLQESGP.GLVKPSETPSLTCTVSGGSIS..SSSYYWGWIRQPPGKGLEWIGSIYYS...GSTYYNPSLK.SRVTISVDTSKNQFSLKLSSVTAADTAVYYCA
IGHV4-39*06,RLQLQESGP.GLVKPSETLSLTCTVSGGSIS..SSSYYWGWIRQPPGKGLEWIGSIYYS...GSTYYNPSLK.SRVTISVDTSKNQFPLKLSSVTAADTAVYYCAR
IGHV4-39*07,QLQLQESGP.GLVKPSETLSLTCTVSGGSIS..SSSYYWGWIRQPPGKGLEWIGSIYYS...GSTYYNPSLK.SRVTISVDTSKNQFSLKLSSVTAADTAVYYCAR
IGHV4-4*01,QVQLQESGP.GLVKPPGTLSLTCAVSGGSIS...SSNWWSWVRQPPGKGLEWIGEIYHS...GSTNYNPSLK.SRVTISVDKSKNQFSLKLSSVTAADTAVYCCAR
IGHV4-4*02,QVQLQESGP.GLVKPSGTLSLTCAVSGGSIS...SSNWWSWVRQPPGKGLEWIGEIYHS...GSTNYNPSLK.SRVTISVDKSKNQFSLKLSSVTAADTAVYYCAR
IGHV4-4*03,QVQLQESGP.GLVKPPGTLSLTCAVSGGSIS...SSNWWSWVRQPPGKGLEWIGEIYHS...GSTNYNPSLK.SRVTISVDKSKNQFSLKLSSVTAADTAVYYCAR
IGHV4-4*04,QVQLQESGP.GLVKPPGTLSLTCAISGGSIS...SSNWWSWVRQPPGKGLEWIGEIYHS...GSTNYNPSLK.SRVTISVDKSKNQFSLKLSSVTAADTAVYY
IGHV4-4*05,QVQLQELGP.GLVKPPGTLSLTCAVSGGSIS...SSNWWSWVRQPPGKGLEWIGEIYHS...GSTNYNPSLK.SRVTISVDKSKNQFSLKLSSVTAADTAVYY
IGHV4-4*06,.........................SGGSIS...SSNWWSWVRQPPGXXLEWIGEIYHS...GSTNYNPSLK.SRVTMSVDTSKNQFSLKLSSVTAADTAVYYCAR
IGHV4-4*07,QVQLQESGP.GLVKPSETLSLTCTVSGGSI....SSYYWSWIRQPAGKGLEWIGRIYTS...GSTNYNPSLK.SRVTMSVDTSKNQFSLKLSSVTAADTAVYYCAR
IGHV4-4*08,QVQLQESGP.GLVKPSETLSLTCTVSGGSI....SSYYWSWIRQPPGKGLEWIGYIYTS...GSTNYNPSLK.SRVTISVDTSKNQFSLKLSSVTAADTAVYYCAR
IGHV4-4*09,QVQLQESGP.GLVKPSETLSLTCTVSGGSI....SSYYWSWIRQPPGKGLEWIGYIYTS...GSTNYNPSLK.SRVTISVDTSKNQFSLKLSSVTAADTAVYYCAR
IGHV4-55*01,QVQLQESGP.GLVKPSETLSLICAVSGDSIS...SGNW*IWVRQPPGKGLEWIGEIHHS...GSTYYNPSLK.SRITMSVDTSKNQFYLKLSSVTAADTAVYYCAR
IGHV4-55*02,QVQLQESGP.GLVKPSETLSLICAVSGDSIS...SGNW*IWVRQPPGKGLEWIGEIHHS...GSTYYNPSLK.SRITMSVDTSKNQFYLKLSSVTAADTAVYYCAR
IGHV4-55*03,QVQLQESGP.GLVKPSETLSLICAVSGDSIS...SGNW*IWVRQPPGKGLEWIGEIHHS...GSTYYNPSLK.SRITMSVDTSKNQFSLKLSSVTAADTAVYY
IGHV4-55*04,QVQLQESGP.GLVKLSETLSLICAVSGDSIS...SGNW*IWVRQPPGKGLEWIGEIHHS...GSTYYNPSLK.SRITMSVDTSKNQFYLKLSSVTAADTAVYY
IGHV4-55*05,QVQLQESGP.GLVKLSETLSLICAVSGDSIS...SGNW*IWVRQPPGKGLEWIGEIHHS...GSTYYNPSLK.SRITMSVDTSKNQFYLKLSSVTAADTAVYY
IGHV4-55*06,QVQLQESGP.GLVKPSETLSLICAVSGDSIS...SGNW*IWVRQPPGKGLEWIGEIHHS...GSTYYNPSLK.SRITMSVDTSKKQFYLKLSSVTAADTAVYY
IGHV4-55*07,QVQLQESGP.GLVKPSETLSLICAVSGDSIS...SGNW*IWVRQPPGKGLEWIGEIHHS...GSTYYNPSLK.SRITMSVDTSRNQFSLKLSSVTAADTAVYY
IGHV4-55*08,QVQLQESGP.GLVKPSETLSLICAVSGDSIS...SGNW*IWVRQPPGKGLEWIGEIHHS...GSTYYNPSLK.SRITMSVDTSKNQFYLKLSSVTAADTAVYYCAR
IGHV4-55*09,QVQLQESGP.GLVKPSETLSLICAVSGDSIS...SGNW*IWVRQPPGKGLEWIGEIHHS...GSTYYNPSLK.SRITMSVDTSKNQFSLKLSSVTAVDTAVYYCAR
IGHV4-59*01,QVQLQESGP.GLVKPSETLSLTCTVSGGSI....SSYYWSWIRQPPGKGLEWIGYIYYS...GSTNYNPSLK.SRVTISVDTSKNQFSLKLSSVTAADTAVYYCAR
IGHV4-59*02,QVQLQESGP.GLVKPSETLSLTCTVSGGSV....SSYYWSWIRQPPGKGLEWIGYIYYS...GSTNYNPSLK.SRVTISVDTSKNQFSLKLSSVTAADTAVYYCAR
IGHV4-59*03,QVQLQESGP.GLVKPSETLSLTCTVSGGSI....SSYYWSWIRQPPGKGLEWIGYIYYS...GSTNYNPSLK.SRVTISVDTSKNQFSLKLSSVTAADTAVYYCA
IGHV4-59*04,QVQLQESGP.GLVKPSETLSLTCTVSGGSI....SSYYWSWIRQPPGKGLEWIGYIYYS...GSTYYNPSLK.SRVTMSVDTSKNQFSLKLSSVTAADTAVYYCA
IGHV4-59*05,QVQLQESGP.GLVKPSETLSLTCTVSGGSI....SSYYWSWIRQPPGKGLEWIGRIYYS...GSTYYNPSLK.SRVTISVDTSKNQFSLKLSSVTAADTAVYYCA
IGHV4-59*06,QVQLQESGP.GLVKPSETLSLTCTVTGGSI....SSYYWSWIRQPAGKGLEWIGYIYYS...GSTYYNPSLK.SRVTISVDTSKNQFSLKLSSVTAADTAVYYCA
IGHV4-59*07,QVQLQESGP.GLVKPSDTLSLTCTVSGGSI....SSYYWSWIRQPPGKGLEWIGYIYYS...GSTNYNPSLK.SRVTISVDTSKNQFSLKLSSVTAADTAVYYCAR
IGHV4-59*08,QVQLQESGP.GLVKPSETLSLTCTVSGGSI....SSYYWSWIRQPPGKGLEWIGYIYYS...GSTNYNPSLK.SRVTISVDTSKNQFSLKLSSVTAADTAVYYCAR
IGHV4-59*09,.........................SGGSI....SSYYWSWIRQPPGXXLEWIGYIYYS...GSTNYNPSLK.SRVTISVDTSKNQFSLKLSSVTAADTAVYYCAR
IGHV4-59*10,QVQLQQWGA.GLLKPSETLSLTCAVYGGSI....SSYYWSWIRQPAGKGLEWIGRIYTS...GSTNYNPSLK.SRVTMSVDTSKNQFSLKLSSVTAADTAVYYCAR
IGHV4-59*11,QVQLQESGP.GLVKPSETLSLTCTVSGGSI....SSHYWSWIRQPPGKGLEWIGYIYYS...GSTNYNPSLK.SRVTISVDTSKNQFSLKLSSVTAADTAVYYCAR
IGHV4-59*12,QVQLQESGP.GLVKPSETLSLTCTVSGGSI....SSYYWSWIRQPPGKGLEWIGYIYYS...GSTNYNPSLK.SRVTISVDTSKNQFSLKLSSVTAADTAVYYCAR
IGHV4-59*13,QVQLQESGP.GLVKPSETLSLTCTVSGGSI....SSYYWSWIRQPPGKGLEWIGYIYYS...GSTNYNPSLK.SRVTISVDTSKNQFSLKLSSVTAADTAVYYCAR
IGHV4-61*01,QVQLQESGP.GLVKPSETLSLTCTVSGGSVS..SGSYYWSWIRQPPGKGLEWIGYIYYS...GSTNYNPSLK.SRVTISVDTSKNQFSLKLSSVTAADTAVYYCAR
IGHV4-61*02,QVQLQESGP.GLVKPSQTLSLTCTVSGGSIS..SGSYYWSWIRQPAGKGLEWIGRIYTS...GSTNYNPSLK.SRVTISVDTSKNQFSLKLSSVTAADTAVYYCAR
IGHV4-61*03,QVQLQESGP.GLVKPSETLSLTCTVSGGSVS..SGSYYWSWIRQPPGKGLEWIGYIYYS...GSTNYNPSLK.SRVTISVDTSKNHFSLKLSSVTAADTAVYYCAR
IGHV4-61*04,QVQLQESGP.GLVKPSETLSLTCTVSGGSVS..SGSYYWSWIRQPPGKGLEWIGYIYYS...GSTNYNPSLK.SRVTISVDTSKNQFSLKLSSVTA.DTAVYY
IGHV4-61*05,QLQLQESGP.GLVKPSETLSLTCTVSGGSIS..SSSYYWGWIRQPPGKGLEWIGYIYYS...GSTNYNPSLK.SRVTISVDKSKNQFSLKLSSVTAADTAVYYCAR
IGHV4-61*06,.........................SGGSVS..SGSYYWSWIRQPPGKGLEWIGYIYYS...GSTNYNPSLK.SRVTISVDTSKNQFSLKLSSVTAADTAVYYCAR
IGHV4-61*07,.........................SGGSVS..SGSYYWSWIRQPPGKGLEWIGYIYYS...GSTNYNPSLK.SRVTISVDTSKNQFSLKLSSVTAADTAVYYCAR
IGHV4-61*08,QVQLQESGP.GLVKPSETLSLTCTVSGGSVS..SGGYYWSWIRQPPGKGLEWIGYIYYS...GSTNYNPSLK.SRVTISVDTSKNQFSLKLSSVTAADTAVYYCAR
IGHV4-61*09,QVQLQESGP.GLVKPSQTLSLTCTVSGGSIS..SGSYYWSWIRQPAGKGLEWIGHIYTS...GSTNYNPSLK.SRVTISVDTSKNQFSLKLSSVTAADTAVYYCAR
IGHV4-61*10,QVQLQESGP.GLVKPSETLSLTCTVSGGSVS..SGSYYWSWIRQPAGKGLEWIGYIYYS...GSTNYNPSLK.SRVTISVDTSKNQFSLKLSSVTAADTAVYYCAR
IGHV4/OR15-8*01,QVQLQESGP.GLVKPSETLSLTCVVSGGSIS...SSNWWSWVRQPPGKGLEWIGEIYHS...GSPNYNPSLK.SRVTISVDKSKNQFSLKLSSVTAADTAVYYCAR
IGHV4/OR15-8*02,QVQLQESGP.GLVKPSETLSLTCVVSGGSIS...SSNWWSWVRQPPGKGLEWIGEIYHS...GNPNYNPSLK.SRVTISIDKSKNQFSLKLSSVTAADTAVYYCAR
IGHV4/OR15-8*03,QVQLQESGP.GLVKPSETLSLTCVVSGGSIS...SSNWWSWVRQPPGKGLEWIGEIYHS...GSPNYNPSLK.SRVTISVDKSKNQFSLKLSSVTAADTAVYYCAR
IGHV5-10-1*01,EVQLVQSGA.EVKKPGESLRISCKGSGYSF....TSYWISWVRQMPGKGLEWMGRIDPS..DSYTNYSPSFQ.GHVTISADKSISTAYLQWSSLKASDTAMYYCAR
IGHV5-10-1*02,EVQLVQSGA.EVKKPGESLRISCKGSGYSF....TSYWISWVRQMPGKGLEWMGRIDPS..DSYTNYSPSFQ.GHVTISADKSISTAYLQWSSLKASDTAMYYCAR
IGHV5-10-1*03,EVQLVQSGA.EVKKPGESLRISCKGSGYSF....TSYWISWVRQMPGKGLEWMGRIDPS..DSYTNYSPSFQ.GHVTISADKSISTAYLQWSSLKASDTAMYYCAR
IGHV5-10-1*04,EVQLVQSGA.EVKKPGESLRISCKGSGYSF....TSYWISWVRQMPGKGLEWMGRIDPS..DSYTNYSPSFQ.GQVTISADKSISTAYLQWSSLKASDTAMYYCAR
IGHV5-51*01,EVQLVQSGA.EVKKPGESLKISCKGSGYSF....TSYWIGWVRQMPGKGLEWMGIIYPG..DSDTRYSPSFQ.GQVTISADKSISTAYLQWSSLKASDTAMYYCAR
IGHV5-51*02,EVQLVQSGA.EVKKPGESLKISCKGSGYSF....TSYWTGWVRQMPGKGLEWMGIIYPG..DSDTRYSPSFQ.GQVTISADKSISTAYLQWSSLKASDTAMYYCAR
IGHV5-51*03,EVQLVQSGA.EVKKPGESLKISCKGSGYSF....TSYWIGWVRQMPGKGLEWMGIIYPG..DSDTRYSPSFQ.GQVTISADKSISTAYLQWSSLKASDTAMYYCAR
IGHV5-51*04,EVQLVQSGA.EVKKPGESLKISCKGSGYSF....TSYWIGWVRQMPGKGLEWMGIIYPG..DSDTRYSPSFQ.GQVTISADKPISTAYLQWSSLKASDTAMYYCAR
IGHV5-51*05,.............KPGESLKISCKGSGYSF....TSYWIGWVRQMPRKGLEWMGIIYPG..DSDTRYSPSFQ.GQVTISADKSISTAYLQWSSLKASDTAM
IGHV5-51*06,EVQLVQSGA.EVKKPGESLKISCKGSGYSF....TSYWIGWVRQMPGKGLEWMGIIYPG..DSDTRYSPSFQ.GQVTISADKSISTAYLQWSSLKASDTAMYYCAR
IGHV5-51*07,EVQLVQSGA.EVKKPGESLKISCKGSGYSF....TSYWIGWVHQMPGKGLEWMGIIYPG..DSDTRYSPSFQ.GQVTISADKSISTAYLQWSSLKASDTAMYYCAR
IGHV5-78*01,EVQLLQSAA.EVKRPGESLRISCKTSGYSF....TSYWIHWVRQMPGKELEWMGSIYPG..NSDTRYSPSFQ.GHVTISADSSSSTAYLQWSSLKASDAAMYYCVR
IGHV6-1*01,QVQLQQSGP.GLVKPSQTLSLTCAISGDSVS..SNSAAWNWIRQSPSRGLEWLGRTYYRS.KWYNDYAVSVK.SRITINPDTSKNQFSLQLNSVTPEDTAVYYCAR
IGHV6-1*02,QVQLQQSGP.GLVKPSQTLSLTCAISGDSVS..SNSAAWNWIRQSPSRGLEWLGRTYYRS.KWYNDYAVSVK.SRITINPDTSKNQFSLQLNSVTPEDTAVYYCAR
IGHV6-1*03,QVQLQQSGP.GLVKPSQTLSLTCAISGDSVS..SNSAAWNWIRQSPSRGLEWLGRTYYRS.KWYNDYAVSVK.S*ITINPDTSKNQFSLQLNSVTPEDTAVYYCAR
IGHV7-34-1*01,.LQLVQSGP.EVKKPGASVKVSYKSSGYTF....TIYGMNWV**TPGQGFEWM*WIITY..TGNPTYTHGFT.GWFVFSMDTSVSTACLQISSLKAEDTAEYYCAK
IGHV7-34-1*02,.LQLVQSGP.EVKKPGASVKVSYKSSGYTF....TIYGMNWV**TPGQGFEWM*WIITY..NGNPTYTHGFT.GWFVFSMDTSVSTACLQISSLKAEDTAEYYCAK
IGHV7-34-1*03,.LQLVQSGP.EVKKRGASVKVSYKSSGYTF....TIYGMNWV**TPGQGFEWM*WIITY..TGNPTYTHGFT.GWFVFSMDTSVSTACLQISSLKAEDTAEYYCAK
IGHV7-4-1*01,QVQLVQSGS.ELKKPGASVKVSCKASGYTF....TSYAMNWVRQAPGQGLEWMGWINTN..TGNPTYAQGFT.GRFVFSLDTSVSTAYLQICSLKAEDTAVYYCAR
IGHV7-4-1*02,QVQLVQSGS.ELKKPGASVKVSCKASGYTF....TSYAMNWVRQAPGQGLEWMGWINTN..TGNPTYAQGFT.GRFVFSLDTSVSTAYLQISSLKAEDTAVYYCAR
IGHV7-4-1*03,QVQLVQSGS.ELKKPGASVKVSCKASGYTF....TSYAMNWVRQAPGQGLEWMGWINTN..TGNPTYAQGFT.GRFVFSLDTSVSTAYLQISTLKAEDT
IGHV7-4-1*04,QVQLVQSGS.ELKKPGASVKVSCKASGYTF....TSYAMNWVRQAPGQGLEWMGWINTN..TGNPTYAQGFT.GRFVFSLDTSVSMAYLQISSLKAEDTAVYYCAR
IGHV7-4-1*05,QVQLVQSGS.ELKKPGASVKVSCKASGYTF....TSYAMNWVRQAPGQGLEWMGWINTN..TGNPTYAQGFT.GRFVFSLDTSVSMAYLQISSLKAEDTAVCYCAR
IGHV7-40*03,FSIEKSNNL.SVNQWMIR*NMIYVNHGILC....SQYGMNSV*PAPGQGLEWMGWIITY..TGNPTYTNGFT.GRFLFSMDTSVSMAYLQISSLKAEDTAVYDCMR
IGHV7-81*01,QVQLVQSGH.EVKQPGASVKVSCKASGYSF....TTYGMNWVPQAPGQGLEWMGWFNTY..TGNPTYAQGFT.GRFVFSMDTSASTAYLQISSLKAEDMAMYYCAR
IGHV8-51-1*01,EAQLTESGG.DLVH*EGPLRLSCAASWFTF....SIYEIHWVCQASGKGLEWVAVIWRS..ESHQYNADYVR.GRLTTSRDNTKYMLYMQMNSLRTQNMAAFNCAG
IGHV8-51-1*02,EAQLTESGG.DLVHLEGPLRLSCAASWFTF....SIYEIHWVCQASGKGLEWVAVIWRG..ESHQYNADYVR.GRLTTSRDNTKYMLYMQMISLRTQNMAAFNCAG
IGHV8-51-1*03,EAQLTESGG.DLVH*EGPLRLSCAASWFTF....SIYEIHWVCQASGKGLEWVAVIWRG..ESHQYNADYVR.GRLTTSRDNTKYMLYMQMNSLRTQNMAAFNCAG
